boxes_in,boxes_merged_away,boxes_out,byte_sha256,dest_image,dest_label,dropped_classes,height,kept_classes,pixel_sha256,provenance,retrain_v2,sample_id,source_dataset,source_label,source_path,source_split,source_stem,split,width
1,0,1,35519b00aef367de4108d0043257773c9ab2148a431095212af2d016b90df592,data/datasets/yolo_retrain_v2/images/test/raw_synthetic_wound__syn_wound_0185.jpg,data/datasets/yolo_retrain_v2/labels/test/raw_synthetic_wound__syn_wound_0185.txt,,640,bruise,6611663f63c8679d808cf3e04ca451a678951e2e3cbd9db31f9e6bc87336144f,SYNTHETIC,copied_from_yolo_processed,raw_synthetic_wound__syn_wound_0185,raw_synthetic_wound,data/datasets/raw/synthetic_wound/test/labels/syn_wound_0185.txt,data/datasets/raw/synthetic_wound/test/images/syn_wound_0185.jpg,test,syn_wound_0185,test,640
1,0,1,206242b57af4eccb1b4073bbc7c447bb7b6253b16332846272d8a0b367798aaf,data/datasets/yolo_retrain_v2/images/test/raw_synthetic_wound__syn_wound_0186.jpg,data/datasets/yolo_retrain_v2/labels/test/raw_synthetic_wound__syn_wound_0186.txt,,640,cut,41773ba80a58ee6c4b661b03c32d8b8432edc2a3e133c5df873b7487f7014add,SYNTHETIC,copied_from_yolo_processed,raw_synthetic_wound__syn_wound_0186,raw_synthetic_wound,data/datasets/raw/synthetic_wound/test/labels/syn_wound_0186.txt,data/datasets/raw/synthetic_wound/test/images/syn_wound_0186.jpg,test,syn_wound_0186,test,640
1,0,1,ab2190f3456529be1fad567e711730e9f7799248ddae981ae67bf65455790a32,data/datasets/yolo_retrain_v2/images/test/raw_synthetic_wound__syn_wound_0187.jpg,data/datasets/yolo_retrain_v2/labels/test/raw_synthetic_wound__syn_wound_0187.txt,,640,cut,311c4b2e5aa98b75198bb4bbc891f3b9ec87254e28bcb9b35717d8da0fc52461,SYNTHETIC,copied_from_yolo_processed,raw_synthetic_wound__syn_wound_0187,raw_synthetic_wound,data/datasets/raw/synthetic_wound/test/labels/syn_wound_0187.txt,data/datasets/raw/synthetic_wound/test/images/syn_wound_0187.jpg,test,syn_wound_0187,test,640
1,0,1,b67c79167904e63a0c4c6c6e06470d70cc79dcead060426a9153dbc052e84e41,data/datasets/yolo_retrain_v2/images/test/raw_synthetic_wound__syn_wound_0189.jpg,data/datasets/yolo_retrain_v2/labels/test/raw_synthetic_wound__syn_wound_0189.txt,,640,bruise,aafe3b2a05de215ba9b83e107dfcef362f108f86712697f3db5058f6be871ced,SYNTHETIC,copied_from_yolo_processed,raw_synthetic_wound__syn_wound_0189,raw_synthetic_wound,data/datasets/raw/synthetic_wound/test/labels/syn_wound_0189.txt,data/datasets/raw/synthetic_wound/test/images/syn_wound_0189.jpg,test,syn_wound_0189,test,640
1,0,1,5fcbce35b25eed0db7a58f0f0a77a59da3e262ba47fe84d472816bd98b8e8ea1,data/datasets/yolo_retrain_v2/images/test/raw_synthetic_wound__syn_wound_0195.jpg,data/datasets/yolo_retrain_v2/labels/test/raw_synthetic_wound__syn_wound_0195.txt,,640,bruise,713e21fe7a098c0170304502e7289c20ba2547f5a30340140e98f90b56c1a09c,SYNTHETIC,copied_from_yolo_processed,raw_synthetic_wound__syn_wound_0195,raw_synthetic_wound,data/datasets/raw/synthetic_wound/test/labels/syn_wound_0195.txt,data/datasets/raw/synthetic_wound/test/images/syn_wound_0195.jpg,test,syn_wound_0195,test,640
1,0,1,d24c451943b186c493ba729c20046029db5ce5323773a004c6afa209ac98f150,data/datasets/yolo_retrain_v2/images/test/raw_synthetic_wound__syn_wound_0199.jpg,data/datasets/yolo_retrain_v2/labels/test/raw_synthetic_wound__syn_wound_0199.txt,,640,cut,0260db7d6421469444df650e19787fa966498b736e090512075c30ac59e9fee6,SYNTHETIC,copied_from_yolo_processed,raw_synthetic_wound__syn_wound_0199,raw_synthetic_wound,data/datasets/raw/synthetic_wound/test/labels/syn_wound_0199.txt,data/datasets/raw/synthetic_wound/test/images/syn_wound_0199.jpg,test,syn_wound_0199,test,640
1,0,1,0850cf3d1cc843181068770727e111ef32c07f6acc635af94c564c97117ba0fe,data/datasets/yolo_retrain_v2/images/test/raw_synthetic_wound__syn_wound_0200.jpg,data/datasets/yolo_retrain_v2/labels/test/raw_synthetic_wound__syn_wound_0200.txt,,640,cut,e2f3bfd429480ed5cc17463925d9df218b8b4662f1faac17901b1251b9cd08cc,SYNTHETIC,copied_from_yolo_processed,raw_synthetic_wound__syn_wound_0200,raw_synthetic_wound,data/datasets/raw/synthetic_wound/test/labels/syn_wound_0200.txt,data/datasets/raw/synthetic_wound/test/images/syn_wound_0200.jpg,test,syn_wound_0200,test,640
1,0,1,8f96170f317aeffe4870f953da45b8b00e6cbfef49aebe7087a28d75ab146c7b,data/datasets/yolo_retrain_v2/images/test/raw_synthetic_wound__syn_wound_0202.jpg,data/datasets/yolo_retrain_v2/labels/test/raw_synthetic_wound__syn_wound_0202.txt,,640,cut,b6cd253278e1f1391871f0e1df5f731c927e1caec12acf24bca9037c8c2604fd,SYNTHETIC,copied_from_yolo_processed,raw_synthetic_wound__syn_wound_0202,raw_synthetic_wound,data/datasets/raw/synthetic_wound/test/labels/syn_wound_0202.txt,data/datasets/raw/synthetic_wound/test/images/syn_wound_0202.jpg,test,syn_wound_0202,test,640
1,0,1,4db387c5f2d3cf1778f1028471d80cec4b18ea31770c76e778b3ed7b1c5d770d,data/datasets/yolo_retrain_v2/images/test/raw_synthetic_wound__syn_wound_0206.jpg,data/datasets/yolo_retrain_v2/labels/test/raw_synthetic_wound__syn_wound_0206.txt,,640,bruise,1d9af1ea5d22032e74242cd1283124ab4b207c203e3b2b2343f25f2b6895e1bc,SYNTHETIC,copied_from_yolo_processed,raw_synthetic_wound__syn_wound_0206,raw_synthetic_wound,data/datasets/raw/synthetic_wound/test/labels/syn_wound_0206.txt,data/datasets/raw/synthetic_wound/test/images/syn_wound_0206.jpg,test,syn_wound_0206,test,640
1,0,1,01a5f30ffc41cc6d4133b5d6461528fdae68e8e0d3356ed3e9965130ec7b375c,data/datasets/yolo_retrain_v2/images/test/raw_synthetic_wound__syn_wound_0207.jpg,data/datasets/yolo_retrain_v2/labels/test/raw_synthetic_wound__syn_wound_0207.txt,,640,bruise,05aba1b7848518b5169bd147df5027b8196162f92d030c20cc2229ab83fd08ea,SYNTHETIC,copied_from_yolo_processed,raw_synthetic_wound__syn_wound_0207,raw_synthetic_wound,data/datasets/raw/synthetic_wound/test/labels/syn_wound_0207.txt,data/datasets/raw/synthetic_wound/test/images/syn_wound_0207.jpg,test,syn_wound_0207,test,640
1,0,1,e7da66b4e54bd1c7d4bdfa867288df0eb9f2b572e58070dd387c016aaac4c8a4,data/datasets/yolo_retrain_v2/images/test/raw_synthetic_wound__syn_wound_0208.jpg,data/datasets/yolo_retrain_v2/labels/test/raw_synthetic_wound__syn_wound_0208.txt,,640,bruise,4692bd9a0fea511b4f37be098ca0395e401c486622b74176d55253dc08df5cb8,SYNTHETIC,copied_from_yolo_processed,raw_synthetic_wound__syn_wound_0208,raw_synthetic_wound,data/datasets/raw/synthetic_wound/test/labels/syn_wound_0208.txt,data/datasets/raw/synthetic_wound/test/images/syn_wound_0208.jpg,test,syn_wound_0208,test,640
1,0,1,488c741efb5b581313d5483c908469a728229d935b6ecc6027979f09181c948f,data/datasets/yolo_retrain_v2/images/test/raw_synthetic_wound__syn_wound_0211.jpg,data/datasets/yolo_retrain_v2/labels/test/raw_synthetic_wound__syn_wound_0211.txt,,640,cut,a676dfeae7aaf7f6ac947305ed4dfd13394d1870af7c360018311d93f66321a3,SYNTHETIC,copied_from_yolo_processed,raw_synthetic_wound__syn_wound_0211,raw_synthetic_wound,data/datasets/raw/synthetic_wound/test/labels/syn_wound_0211.txt,data/datasets/raw/synthetic_wound/test/images/syn_wound_0211.jpg,test,syn_wound_0211,test,640
1,0,1,800b251c417f84c348fd6511f501a4980e5bddccdd984d8c18101446df1e00ec,data/datasets/yolo_retrain_v2/images/test/raw_synthetic_wound__syn_wound_0213.jpg,data/datasets/yolo_retrain_v2/labels/test/raw_synthetic_wound__syn_wound_0213.txt,,640,cut,921f43a5959736f3c052af0ada0c277d465a1d805e64fd2a7747f677055c86f3,SYNTHETIC,copied_from_yolo_processed,raw_synthetic_wound__syn_wound_0213,raw_synthetic_wound,data/datasets/raw/synthetic_wound/test/labels/syn_wound_0213.txt,data/datasets/raw/synthetic_wound/test/images/syn_wound_0213.jpg,test,syn_wound_0213,test,640
1,0,1,6bef9bf6656b83da50efeff429dbedd6745a1440de6a38588095f8817030d8cc,data/datasets/yolo_retrain_v2/images/test/raw_synthetic_wound__syn_wound_0216.jpg,data/datasets/yolo_retrain_v2/labels/test/raw_synthetic_wound__syn_wound_0216.txt,,640,bruise,f5dfdeaf11980dbe2ab8c21db482087de465c06b73adf5211068993ca2896442,SYNTHETIC,copied_from_yolo_processed,raw_synthetic_wound__syn_wound_0216,raw_synthetic_wound,data/datasets/raw/synthetic_wound/test/labels/syn_wound_0216.txt,data/datasets/raw/synthetic_wound/test/images/syn_wound_0216.jpg,test,syn_wound_0216,test,640
1,0,1,269164fde03d8b81b43721814664264dc14a92bf4725188872117e8517c4421c,data/datasets/yolo_retrain_v2/images/test/raw_synthetic_wound__syn_wound_0218.jpg,data/datasets/yolo_retrain_v2/labels/test/raw_synthetic_wound__syn_wound_0218.txt,,640,bruise,af89df1907e354b95de0c09fc268ce623ab011305f4e80fd0217a3cfb264d4a5,SYNTHETIC,copied_from_yolo_processed,raw_synthetic_wound__syn_wound_0218,raw_synthetic_wound,data/datasets/raw/synthetic_wound/test/labels/syn_wound_0218.txt,data/datasets/raw/synthetic_wound/test/images/syn_wound_0218.jpg,test,syn_wound_0218,test,640
1,0,1,42c92b1cdd3b2936cd69f9186a396841acad1927ce996f108d8c4174e930535c,data/datasets/yolo_retrain_v2/images/test/raw_synthetic_wound__syn_wound_0219.jpg,data/datasets/yolo_retrain_v2/labels/test/raw_synthetic_wound__syn_wound_0219.txt,,640,bruise,18f3c9bf3a4661ae7f556170b85aae83221e79d5881a1384647021b520250941,SYNTHETIC,copied_from_yolo_processed,raw_synthetic_wound__syn_wound_0219,raw_synthetic_wound,data/datasets/raw/synthetic_wound/test/labels/syn_wound_0219.txt,data/datasets/raw/synthetic_wound/test/images/syn_wound_0219.jpg,test,syn_wound_0219,test,640
1,0,1,90daa6403a2d807f7d68710f70b45685a1d1712237369a6c53d437b2c6d9ec8f,data/datasets/yolo_retrain_v2/images/train/raw_synthetic_wound__syn_wound_0001.jpg,data/datasets/yolo_retrain_v2/labels/train/raw_synthetic_wound__syn_wound_0001.txt,,640,bruise,bd773b45fe4e5c167863263c66a45d2eab6ca9a64eb7420a64837c2ee3e7fd51,SYNTHETIC,copied_from_yolo_processed,raw_synthetic_wound__syn_wound_0001,raw_synthetic_wound,data/datasets/raw/synthetic_wound/train/labels/syn_wound_0001.txt,data/datasets/raw/synthetic_wound/train/images/syn_wound_0001.jpg,train,syn_wound_0001,train,640
1,0,1,5922de6ba0b2b6bc9f80377a7eb6ea701fbc6fb07644d378ebec41bc0b11ec77,data/datasets/yolo_retrain_v2/images/train/raw_synthetic_wound__syn_wound_0004.jpg,data/datasets/yolo_retrain_v2/labels/train/raw_synthetic_wound__syn_wound_0004.txt,,640,cut,c33141291e1768f503b9e2fe7a06b48cf14e8e562b599ec2a7186d7facfc0d4c,SYNTHETIC,copied_from_yolo_processed,raw_synthetic_wound__syn_wound_0004,raw_synthetic_wound,data/datasets/raw/synthetic_wound/train/labels/syn_wound_0004.txt,data/datasets/raw/synthetic_wound/train/images/syn_wound_0004.jpg,train,syn_wound_0004,train,640
1,0,1,4d4965671eeb456cc6893477bdd0b0a48da13feb26266b39899b3ae8f66e1deb,data/datasets/yolo_retrain_v2/images/train/raw_synthetic_wound__syn_wound_0005.jpg,data/datasets/yolo_retrain_v2/labels/train/raw_synthetic_wound__syn_wound_0005.txt,,640,bruise,fe3afd7ec0b85042da1c11f2985f1f6fcbd99851aea29c6e872819db08dab1ed,SYNTHETIC,copied_from_yolo_processed,raw_synthetic_wound__syn_wound_0005,raw_synthetic_wound,data/datasets/raw/synthetic_wound/train/labels/syn_wound_0005.txt,data/datasets/raw/synthetic_wound/train/images/syn_wound_0005.jpg,train,syn_wound_0005,train,640
1,0,1,a61f6acf20723af460e367599a8526c5aa99d6edafd95d939e9dfd2757eba6f9,data/datasets/yolo_retrain_v2/images/train/raw_synthetic_wound__syn_wound_0006.jpg,data/datasets/yolo_retrain_v2/labels/train/raw_synthetic_wound__syn_wound_0006.txt,,640,cut,277714de5ed0995331109d02b7eb27a9f8a2a9ced8943590c1de89fbaa0a49e0,SYNTHETIC,copied_from_yolo_processed,raw_synthetic_wound__syn_wound_0006,raw_synthetic_wound,data/datasets/raw/synthetic_wound/train/labels/syn_wound_0006.txt,data/datasets/raw/synthetic_wound/train/images/syn_wound_0006.jpg,train,syn_wound_0006,train,640
1,0,1,52e18343bb7685a934650e891bacde66d5843e6a61d5c082da4f5b1dff305050,data/datasets/yolo_retrain_v2/images/train/raw_synthetic_wound__syn_wound_0007.jpg,data/datasets/yolo_retrain_v2/labels/train/raw_synthetic_wound__syn_wound_0007.txt,,640,bruise,6a909cf3749b2d12ef8cc7083d708811e978cf3fd78d380a940f9be622ddd58d,SYNTHETIC,copied_from_yolo_processed,raw_synthetic_wound__syn_wound_0007,raw_synthetic_wound,data/datasets/raw/synthetic_wound/train/labels/syn_wound_0007.txt,data/datasets/raw/synthetic_wound/train/images/syn_wound_0007.jpg,train,syn_wound_0007,train,640
1,0,1,7fe7e2d01f470d45e8e35b3e47c6d5685cb0ca074b4e7f3da1e949f9e92f27a9,data/datasets/yolo_retrain_v2/images/train/raw_synthetic_wound__syn_wound_0008.jpg,data/datasets/yolo_retrain_v2/labels/train/raw_synthetic_wound__syn_wound_0008.txt,,640,bruise,ff7af743d0632bfc6b83e790379c882ce5a7882dcb4aa927f4d70b907284912e,SYNTHETIC,copied_from_yolo_processed,raw_synthetic_wound__syn_wound_0008,raw_synthetic_wound,data/datasets/raw/synthetic_wound/train/labels/syn_wound_0008.txt,data/datasets/raw/synthetic_wound/train/images/syn_wound_0008.jpg,train,syn_wound_0008,train,640
1,0,1,236103de6130e64075ec1ac8e9c98a4df8367a8c4d24ab62535b6ea70a3e039e,data/datasets/yolo_retrain_v2/images/train/raw_synthetic_wound__syn_wound_0011.jpg,data/datasets/yolo_retrain_v2/labels/train/raw_synthetic_wound__syn_wound_0011.txt,,640,cut,a6400be4ade86ca20dcb216fb118facb0aaffa1f41e9a6117936661225551eba,SYNTHETIC,copied_from_yolo_processed,raw_synthetic_wound__syn_wound_0011,raw_synthetic_wound,data/datasets/raw/synthetic_wound/train/labels/syn_wound_0011.txt,data/datasets/raw/synthetic_wound/train/images/syn_wound_0011.jpg,train,syn_wound_0011,train,640
1,0,1,4707fc69c6cdf2b68d1e01c499d554d3c51fbbe1dcce7fc7da43a9127f2cfdb5,data/datasets/yolo_retrain_v2/images/train/raw_synthetic_wound__syn_wound_0012.jpg,data/datasets/yolo_retrain_v2/labels/train/raw_synthetic_wound__syn_wound_0012.txt,,640,bruise,9b6ccf23860a926d4babfa9d1c9e20c120d96bf9581d4acbf816c21eea1a155f,SYNTHETIC,copied_from_yolo_processed,raw_synthetic_wound__syn_wound_0012,raw_synthetic_wound,data/datasets/raw/synthetic_wound/train/labels/syn_wound_0012.txt,data/datasets/raw/synthetic_wound/train/images/syn_wound_0012.jpg,train,syn_wound_0012,train,640
1,0,1,afefe5e7ca5432b706fb568b85d1bada801ff1121281c1421d22d72eb544a86c,data/datasets/yolo_retrain_v2/images/train/raw_synthetic_wound__syn_wound_0016.jpg,data/datasets/yolo_retrain_v2/labels/train/raw_synthetic_wound__syn_wound_0016.txt,,640,cut,918c8a0fca7f51b149be09ffa4632d0543e88ea7c9a0ceeab3e97240fdd6251c,SYNTHETIC,copied_from_yolo_processed,raw_synthetic_wound__syn_wound_0016,raw_synthetic_wound,data/datasets/raw/synthetic_wound/train/labels/syn_wound_0016.txt,data/datasets/raw/synthetic_wound/train/images/syn_wound_0016.jpg,train,syn_wound_0016,train,640
1,0,1,f67a241be034bbbcf895071f26c365b6bc4e15730cba45fee89f0177cc2bbc80,data/datasets/yolo_retrain_v2/images/train/raw_synthetic_wound__syn_wound_0017.jpg,data/datasets/yolo_retrain_v2/labels/train/raw_synthetic_wound__syn_wound_0017.txt,,640,bruise,35778770cbee75a6e9f64bd9087296679d3b6611d2e2d02100c7cd38c6ddcf38,SYNTHETIC,copied_from_yolo_processed,raw_synthetic_wound__syn_wound_0017,raw_synthetic_wound,data/datasets/raw/synthetic_wound/train/labels/syn_wound_0017.txt,data/datasets/raw/synthetic_wound/train/images/syn_wound_0017.jpg,train,syn_wound_0017,train,640
1,0,1,4c63b77cb3d8e59a19d0b27e3ca43079f62c224b69cfb7999e740385a2f24da9,data/datasets/yolo_retrain_v2/images/train/raw_synthetic_wound__syn_wound_0018.jpg,data/datasets/yolo_retrain_v2/labels/train/raw_synthetic_wound__syn_wound_0018.txt,,640,cut,f7602ae01c1b22d3bc57bb83551d56c36744362e6268c75aaae745c604ddc529,SYNTHETIC,copied_from_yolo_processed,raw_synthetic_wound__syn_wound_0018,raw_synthetic_wound,data/datasets/raw/synthetic_wound/train/labels/syn_wound_0018.txt,data/datasets/raw/synthetic_wound/train/images/syn_wound_0018.jpg,train,syn_wound_0018,train,640
1,0,1,e94bfad68a1bec5ded3e91e226de59bbc8a378088259569e0d632eaab6826b56,data/datasets/yolo_retrain_v2/images/train/raw_synthetic_wound__syn_wound_0020.jpg,data/datasets/yolo_retrain_v2/labels/train/raw_synthetic_wound__syn_wound_0020.txt,,640,bruise,19957e89f860be0290b3f789883c1c4357936a6cff62e45d5b39b2772fd13a60,SYNTHETIC,copied_from_yolo_processed,raw_synthetic_wound__syn_wound_0020,raw_synthetic_wound,data/datasets/raw/synthetic_wound/train/labels/syn_wound_0020.txt,data/datasets/raw/synthetic_wound/train/images/syn_wound_0020.jpg,train,syn_wound_0020,train,640
1,0,1,32d763d05f91f61a7d0ee811fdc0cf86bd6a074606b543c48eb900426909cc95,data/datasets/yolo_retrain_v2/images/train/raw_synthetic_wound__syn_wound_0023.jpg,data/datasets/yolo_retrain_v2/labels/train/raw_synthetic_wound__syn_wound_0023.txt,,640,bruise,dca6bf88146600b7120b7828b22e574b4e3bebe247d4b2e0ab99a4622160a3c8,SYNTHETIC,copied_from_yolo_processed,raw_synthetic_wound__syn_wound_0023,raw_synthetic_wound,data/datasets/raw/synthetic_wound/train/labels/syn_wound_0023.txt,data/datasets/raw/synthetic_wound/train/images/syn_wound_0023.jpg,train,syn_wound_0023,train,640
1,0,1,2c3a0d856003e8877201b88a27656ed8001d3e3d6fd30ef7d2d4568aba6d8025,data/datasets/yolo_retrain_v2/images/train/raw_synthetic_wound__syn_wound_0024.jpg,data/datasets/yolo_retrain_v2/labels/train/raw_synthetic_wound__syn_wound_0024.txt,,640,cut,a6b8c66b9cae73974d9d2c1af75dc027f3d8cea80ae4bf0b8dd4672c49665109,SYNTHETIC,copied_from_yolo_processed,raw_synthetic_wound__syn_wound_0024,raw_synthetic_wound,data/datasets/raw/synthetic_wound/train/labels/syn_wound_0024.txt,data/datasets/raw/synthetic_wound/train/images/syn_wound_0024.jpg,train,syn_wound_0024,train,640
1,0,1,0dfaa5824372b44882e81d895fc90bc3d8d00f44fef8d33bfb5f8893536a50e8,data/datasets/yolo_retrain_v2/images/train/raw_synthetic_wound__syn_wound_0027.jpg,data/datasets/yolo_retrain_v2/labels/train/raw_synthetic_wound__syn_wound_0027.txt,,640,bruise,16df5da17808b93118b40c2908dd16bf0da90f202554ac487493d590da015925,SYNTHETIC,copied_from_yolo_processed,raw_synthetic_wound__syn_wound_0027,raw_synthetic_wound,data/datasets/raw/synthetic_wound/train/labels/syn_wound_0027.txt,data/datasets/raw/synthetic_wound/train/images/syn_wound_0027.jpg,train,syn_wound_0027,train,640
1,0,1,0b2e59ece710162b1158cf4bfe5843e3e8bb8fa2a6d59bf9f1d35e361e183e50,data/datasets/yolo_retrain_v2/images/train/raw_synthetic_wound__syn_wound_0028.jpg,data/datasets/yolo_retrain_v2/labels/train/raw_synthetic_wound__syn_wound_0028.txt,,640,bruise,bd8ce6389ca27f4250f97bd3075ba91c72c7b578614a4fd39a8cf1433300db56,SYNTHETIC,copied_from_yolo_processed,raw_synthetic_wound__syn_wound_0028,raw_synthetic_wound,data/datasets/raw/synthetic_wound/train/labels/syn_wound_0028.txt,data/datasets/raw/synthetic_wound/train/images/syn_wound_0028.jpg,train,syn_wound_0028,train,640
1,0,1,d9f9b97aa182afdad44862282cb282c5da8c52058997f152b94d060c6972f77e,data/datasets/yolo_retrain_v2/images/train/raw_synthetic_wound__syn_wound_0029.jpg,data/datasets/yolo_retrain_v2/labels/train/raw_synthetic_wound__syn_wound_0029.txt,,640,bruise,f46fe43dcbbb30707ae99bc3a025b1c3fee6f3b358cf68a9a2056bbf07b9aebd,SYNTHETIC,copied_from_yolo_processed,raw_synthetic_wound__syn_wound_0029,raw_synthetic_wound,data/datasets/raw/synthetic_wound/train/labels/syn_wound_0029.txt,data/datasets/raw/synthetic_wound/train/images/syn_wound_0029.jpg,train,syn_wound_0029,train,640
1,0,1,4f409aace0cec41ce82325e2847a2b37bca51f936d289d45f36e9148055df650,data/datasets/yolo_retrain_v2/images/train/raw_synthetic_wound__syn_wound_0030.jpg,data/datasets/yolo_retrain_v2/labels/train/raw_synthetic_wound__syn_wound_0030.txt,,640,cut,db76567577e831aef50b64182ed67873d0d375512cdac752a022b64cea3cefed,SYNTHETIC,copied_from_yolo_processed,raw_synthetic_wound__syn_wound_0030,raw_synthetic_wound,data/datasets/raw/synthetic_wound/train/labels/syn_wound_0030.txt,data/datasets/raw/synthetic_wound/train/images/syn_wound_0030.jpg,train,syn_wound_0030,train,640
1,0,1,55dff52ad3983f3d97c76fccc0fb7c32ca406ab5f3c3093abd44d17d82fc447b,data/datasets/yolo_retrain_v2/images/train/raw_synthetic_wound__syn_wound_0032.jpg,data/datasets/yolo_retrain_v2/labels/train/raw_synthetic_wound__syn_wound_0032.txt,,640,cut,40006e9f326e45ce986f68dd916331be2ad81c0d55edce05bd3b764a3a7a8b1b,SYNTHETIC,copied_from_yolo_processed,raw_synthetic_wound__syn_wound_0032,raw_synthetic_wound,data/datasets/raw/synthetic_wound/train/labels/syn_wound_0032.txt,data/datasets/raw/synthetic_wound/train/images/syn_wound_0032.jpg,train,syn_wound_0032,train,640
1,0,1,dcc69293c22fad661b4a62350cdaff20b72861f90296894be16632d114860ff4,data/datasets/yolo_retrain_v2/images/train/raw_synthetic_wound__syn_wound_0033.jpg,data/datasets/yolo_retrain_v2/labels/train/raw_synthetic_wound__syn_wound_0033.txt,,640,cut,b4c3a1cf3c534e2deaf245133fbc1d5bf9352c481770a1b83b0c5f040ae608ed,SYNTHETIC,copied_from_yolo_processed,raw_synthetic_wound__syn_wound_0033,raw_synthetic_wound,data/datasets/raw/synthetic_wound/train/labels/syn_wound_0033.txt,data/datasets/raw/synthetic_wound/train/images/syn_wound_0033.jpg,train,syn_wound_0033,train,640
1,0,1,0f86914aa2e1eb948438806263d982b26c0bfae3b86c6f258de3e91fea2411f5,data/datasets/yolo_retrain_v2/images/train/raw_synthetic_wound__syn_wound_0034.jpg,data/datasets/yolo_retrain_v2/labels/train/raw_synthetic_wound__syn_wound_0034.txt,,640,cut,ea0a2241645f7b9bc27bae74f12e5b4cc97d39743ef6ffdd091bff7c7c21eb08,SYNTHETIC,copied_from_yolo_processed,raw_synthetic_wound__syn_wound_0034,raw_synthetic_wound,data/datasets/raw/synthetic_wound/train/labels/syn_wound_0034.txt,data/datasets/raw/synthetic_wound/train/images/syn_wound_0034.jpg,train,syn_wound_0034,train,640
1,0,1,36f1a951af1863e2933f5ca242e72f71e41c866c57b5af3699736ca5f823632e,data/datasets/yolo_retrain_v2/images/train/raw_synthetic_wound__syn_wound_0037.jpg,data/datasets/yolo_retrain_v2/labels/train/raw_synthetic_wound__syn_wound_0037.txt,,640,bruise,c69af37313f44f89e471e11d41d6044f87d5e709773afbc858a3f1d944f05018,SYNTHETIC,copied_from_yolo_processed,raw_synthetic_wound__syn_wound_0037,raw_synthetic_wound,data/datasets/raw/synthetic_wound/train/labels/syn_wound_0037.txt,data/datasets/raw/synthetic_wound/train/images/syn_wound_0037.jpg,train,syn_wound_0037,train,640
1,0,1,59a400e1e1b18d3007254d261f8255589f4d6b9bc4007a84f6f98c217bd5fc6c,data/datasets/yolo_retrain_v2/images/train/raw_synthetic_wound__syn_wound_0039.jpg,data/datasets/yolo_retrain_v2/labels/train/raw_synthetic_wound__syn_wound_0039.txt,,640,bruise,346865bafda069544c7a637b905f8aeb80efe9a07efe198e42a1e7ac1ea59889,SYNTHETIC,copied_from_yolo_processed,raw_synthetic_wound__syn_wound_0039,raw_synthetic_wound,data/datasets/raw/synthetic_wound/train/labels/syn_wound_0039.txt,data/datasets/raw/synthetic_wound/train/images/syn_wound_0039.jpg,train,syn_wound_0039,train,640
1,0,1,4482b6f4d50eb6d8ffd0e0bc9a77b5fd19fbf6df3eb22ae301d3241495b2833f,data/datasets/yolo_retrain_v2/images/train/raw_synthetic_wound__syn_wound_0040.jpg,data/datasets/yolo_retrain_v2/labels/train/raw_synthetic_wound__syn_wound_0040.txt,,640,cut,7abb11e040b648f567a123a795214958f3460af1cb3f06257a35b5a345b6b77c,SYNTHETIC,copied_from_yolo_processed,raw_synthetic_wound__syn_wound_0040,raw_synthetic_wound,data/datasets/raw/synthetic_wound/train/labels/syn_wound_0040.txt,data/datasets/raw/synthetic_wound/train/images/syn_wound_0040.jpg,train,syn_wound_0040,train,640
1,0,1,5d55879d8e2b5308c45d2b6991475e10f5a02a895a3575392df59b32120bd6ab,data/datasets/yolo_retrain_v2/images/train/raw_synthetic_wound__syn_wound_0041.jpg,data/datasets/yolo_retrain_v2/labels/train/raw_synthetic_wound__syn_wound_0041.txt,,640,bruise,093bb23e43ddc222e755c2592bdfc2389d7bf19b519bad7849275fc4e569e94a,SYNTHETIC,copied_from_yolo_processed,raw_synthetic_wound__syn_wound_0041,raw_synthetic_wound,data/datasets/raw/synthetic_wound/train/labels/syn_wound_0041.txt,data/datasets/raw/synthetic_wound/train/images/syn_wound_0041.jpg,train,syn_wound_0041,train,640
1,0,1,e3a948b5e717ab02182659f6cf8f4756c8374ee04485708f9e3654aaed3b7a83,data/datasets/yolo_retrain_v2/images/train/raw_synthetic_wound__syn_wound_0042.jpg,data/datasets/yolo_retrain_v2/labels/train/raw_synthetic_wound__syn_wound_0042.txt,,640,cut,a845612d7a2e5ac1eec18850b235c1aaa6c1d03faf8bfee8c6b737c14debdb9c,SYNTHETIC,copied_from_yolo_processed,raw_synthetic_wound__syn_wound_0042,raw_synthetic_wound,data/datasets/raw/synthetic_wound/train/labels/syn_wound_0042.txt,data/datasets/raw/synthetic_wound/train/images/syn_wound_0042.jpg,train,syn_wound_0042,train,640
1,0,1,1d388d5ada4475e457f18e40f98337d13dcba26af203d549ed35b32c113339e6,data/datasets/yolo_retrain_v2/images/train/raw_synthetic_wound__syn_wound_0045.jpg,data/datasets/yolo_retrain_v2/labels/train/raw_synthetic_wound__syn_wound_0045.txt,,640,cut,4eb74202bef0faa479a89b7ddd30f862db238f634b5a2b3763a8b5337ab12f76,SYNTHETIC,copied_from_yolo_processed,raw_synthetic_wound__syn_wound_0045,raw_synthetic_wound,data/datasets/raw/synthetic_wound/train/labels/syn_wound_0045.txt,data/datasets/raw/synthetic_wound/train/images/syn_wound_0045.jpg,train,syn_wound_0045,train,640
1,0,1,54a7d62b658f7dbf265d0fd8179cecc68ed3ec391d24c4462ee2731403886351,data/datasets/yolo_retrain_v2/images/train/raw_synthetic_wound__syn_wound_0047.jpg,data/datasets/yolo_retrain_v2/labels/train/raw_synthetic_wound__syn_wound_0047.txt,,640,bruise,cdab64279e5fa18e04a1f9845c3250d4c3e0bb753cc8073ff24d8c91d7df2763,SYNTHETIC,copied_from_yolo_processed,raw_synthetic_wound__syn_wound_0047,raw_synthetic_wound,data/datasets/raw/synthetic_wound/train/labels/syn_wound_0047.txt,data/datasets/raw/synthetic_wound/train/images/syn_wound_0047.jpg,train,syn_wound_0047,train,640
1,0,1,86ab79cffb4b5565a7aa71c7d1b02e5fad9c6cba5c928e2ed82716c92de2a520,data/datasets/yolo_retrain_v2/images/train/raw_synthetic_wound__syn_wound_0048.jpg,data/datasets/yolo_retrain_v2/labels/train/raw_synthetic_wound__syn_wound_0048.txt,,640,cut,3922926f3a0b316189fa30699b23435fa0cd087dfe8b215dc75d6ff9026c6ab5,SYNTHETIC,copied_from_yolo_processed,raw_synthetic_wound__syn_wound_0048,raw_synthetic_wound,data/datasets/raw/synthetic_wound/train/labels/syn_wound_0048.txt,data/datasets/raw/synthetic_wound/train/images/syn_wound_0048.jpg,train,syn_wound_0048,train,640
1,0,1,d05f0725d30928b179f591f608823ae1403957ae2965b122108c15b354e75ce6,data/datasets/yolo_retrain_v2/images/train/raw_synthetic_wound__syn_wound_0049.jpg,data/datasets/yolo_retrain_v2/labels/train/raw_synthetic_wound__syn_wound_0049.txt,,640,cut,6439e844b70b87e92aac70808abde5d7423dcc276fb13032f8eaceb72fd9874c,SYNTHETIC,copied_from_yolo_processed,raw_synthetic_wound__syn_wound_0049,raw_synthetic_wound,data/datasets/raw/synthetic_wound/train/labels/syn_wound_0049.txt,data/datasets/raw/synthetic_wound/train/images/syn_wound_0049.jpg,train,syn_wound_0049,train,640
1,0,1,204e60cd90a76ad7db30938ddc53710ccbd9cf35f6d977d74ed3f6f6809671ee,data/datasets/yolo_retrain_v2/images/train/raw_synthetic_wound__syn_wound_0053.jpg,data/datasets/yolo_retrain_v2/labels/train/raw_synthetic_wound__syn_wound_0053.txt,,640,cut,5d4473b7d1ad336dd11a142a0a49dc573d3624780947a8c55b4083bbb7953c4e,SYNTHETIC,copied_from_yolo_processed,raw_synthetic_wound__syn_wound_0053,raw_synthetic_wound,data/datasets/raw/synthetic_wound/train/labels/syn_wound_0053.txt,data/datasets/raw/synthetic_wound/train/images/syn_wound_0053.jpg,train,syn_wound_0053,train,640
1,0,1,21dca03636d9938aa14d9203fb399932605c69d4aa8d3179516c407c6d143b08,data/datasets/yolo_retrain_v2/images/train/raw_synthetic_wound__syn_wound_0054.jpg,data/datasets/yolo_retrain_v2/labels/train/raw_synthetic_wound__syn_wound_0054.txt,,640,cut,25b6df0cfce239fd22204a3440f3e71f329cf507f4f0795b7846f402eac224be,SYNTHETIC,copied_from_yolo_processed,raw_synthetic_wound__syn_wound_0054,raw_synthetic_wound,data/datasets/raw/synthetic_wound/train/labels/syn_wound_0054.txt,data/datasets/raw/synthetic_wound/train/images/syn_wound_0054.jpg,train,syn_wound_0054,train,640
1,0,1,abd43458c0b22dc5191a752ff5784d6711bc2ddf4fcb21402ef4c02356ad0aa4,data/datasets/yolo_retrain_v2/images/train/raw_synthetic_wound__syn_wound_0059.jpg,data/datasets/yolo_retrain_v2/labels/train/raw_synthetic_wound__syn_wound_0059.txt,,640,cut,10033995ada753b4c339d69eec4116f5a17bc483a333c2f8a32d90377ae83dd6,SYNTHETIC,copied_from_yolo_processed,raw_synthetic_wound__syn_wound_0059,raw_synthetic_wound,data/datasets/raw/synthetic_wound/train/labels/syn_wound_0059.txt,data/datasets/raw/synthetic_wound/train/images/syn_wound_0059.jpg,train,syn_wound_0059,train,640
1,0,1,46aec19889eb439e52cb2b0534c9d8f6b65a79dbe63a1943db6f05e4c3dab57f,data/datasets/yolo_retrain_v2/images/train/raw_synthetic_wound__syn_wound_0062.jpg,data/datasets/yolo_retrain_v2/labels/train/raw_synthetic_wound__syn_wound_0062.txt,,640,cut,4c22d3d2478d227ef73c1bd65eb1c9958c52495c2bb1395bf65147716f2067ff,SYNTHETIC,copied_from_yolo_processed,raw_synthetic_wound__syn_wound_0062,raw_synthetic_wound,data/datasets/raw/synthetic_wound/train/labels/syn_wound_0062.txt,data/datasets/raw/synthetic_wound/train/images/syn_wound_0062.jpg,train,syn_wound_0062,train,640
1,0,1,6fd78a45d925099bd76b8a5913f493d64c22626202b563ee9988124c50f2e0b9,data/datasets/yolo_retrain_v2/images/train/raw_synthetic_wound__syn_wound_0063.jpg,data/datasets/yolo_retrain_v2/labels/train/raw_synthetic_wound__syn_wound_0063.txt,,640,cut,11833cf105ff63d90667abac88b336b7ca63930ae2c9db448897440250dd11d2,SYNTHETIC,copied_from_yolo_processed,raw_synthetic_wound__syn_wound_0063,raw_synthetic_wound,data/datasets/raw/synthetic_wound/train/labels/syn_wound_0063.txt,data/datasets/raw/synthetic_wound/train/images/syn_wound_0063.jpg,train,syn_wound_0063,train,640
1,0,1,aec60dbd102e8724dda7be76b7740da8329ca0552b6057cc3ec39becef05ca90,data/datasets/yolo_retrain_v2/images/train/raw_synthetic_wound__syn_wound_0064.jpg,data/datasets/yolo_retrain_v2/labels/train/raw_synthetic_wound__syn_wound_0064.txt,,640,cut,022bb96f713332433b261391cfdde7b74b517dbaa98deae012e20dde67c008a5,SYNTHETIC,copied_from_yolo_processed,raw_synthetic_wound__syn_wound_0064,raw_synthetic_wound,data/datasets/raw/synthetic_wound/train/labels/syn_wound_0064.txt,data/datasets/raw/synthetic_wound/train/images/syn_wound_0064.jpg,train,syn_wound_0064,train,640
1,0,1,80fc6a788f5e20c955fbabbed784b4046a2df9df9cf52335f44392a9162fb010,data/datasets/yolo_retrain_v2/images/train/raw_synthetic_wound__syn_wound_0065.jpg,data/datasets/yolo_retrain_v2/labels/train/raw_synthetic_wound__syn_wound_0065.txt,,640,bruise,9ed56f4479add9efd6db10ff36cdb7a8bd4f639b1fbb2aa96d12cd26a0b37624,SYNTHETIC,copied_from_yolo_processed,raw_synthetic_wound__syn_wound_0065,raw_synthetic_wound,data/datasets/raw/synthetic_wound/train/labels/syn_wound_0065.txt,data/datasets/raw/synthetic_wound/train/images/syn_wound_0065.jpg,train,syn_wound_0065,train,640
1,0,1,8d7cec20a440617547a2185c3d58ea7a8951730c61af43b5287863c5e26a7483,data/datasets/yolo_retrain_v2/images/train/raw_synthetic_wound__syn_wound_0066.jpg,data/datasets/yolo_retrain_v2/labels/train/raw_synthetic_wound__syn_wound_0066.txt,,640,cut,b0e6f46b5396e49ce83f7eb2559f5950b31efbf4565e6014169bb2ae4c960742,SYNTHETIC,copied_from_yolo_processed,raw_synthetic_wound__syn_wound_0066,raw_synthetic_wound,data/datasets/raw/synthetic_wound/train/labels/syn_wound_0066.txt,data/datasets/raw/synthetic_wound/train/images/syn_wound_0066.jpg,train,syn_wound_0066,train,640
1,0,1,4cb17cd41e0fd066a794cbc8eba19a109f4642cbc37e1f0d9374ed4c7ee5652d,data/datasets/yolo_retrain_v2/images/train/raw_synthetic_wound__syn_wound_0067.jpg,data/datasets/yolo_retrain_v2/labels/train/raw_synthetic_wound__syn_wound_0067.txt,,640,bruise,6741928fab9af0524d795357d9cdcf2d3f67fbb508ac920ef5e3b465994d8aaf,SYNTHETIC,copied_from_yolo_processed,raw_synthetic_wound__syn_wound_0067,raw_synthetic_wound,data/datasets/raw/synthetic_wound/train/labels/syn_wound_0067.txt,data/datasets/raw/synthetic_wound/train/images/syn_wound_0067.jpg,train,syn_wound_0067,train,640
1,0,1,23108e278b4740aee89cfbe7902b7013bb55c6254dc2cdc15a6a82718d6be343,data/datasets/yolo_retrain_v2/images/train/raw_synthetic_wound__syn_wound_0069.jpg,data/datasets/yolo_retrain_v2/labels/train/raw_synthetic_wound__syn_wound_0069.txt,,640,bruise,247bc40d117f9c8baddff7db4b71e7363769b1a71128fcfd8a96621b5a8534b7,SYNTHETIC,copied_from_yolo_processed,raw_synthetic_wound__syn_wound_0069,raw_synthetic_wound,data/datasets/raw/synthetic_wound/train/labels/syn_wound_0069.txt,data/datasets/raw/synthetic_wound/train/images/syn_wound_0069.jpg,train,syn_wound_0069,train,640
1,0,1,a14d68c0322bb4465811c83e84667c7a330b54a6830cc6f3cc02e96575cd9925,data/datasets/yolo_retrain_v2/images/train/raw_synthetic_wound__syn_wound_0070.jpg,data/datasets/yolo_retrain_v2/labels/train/raw_synthetic_wound__syn_wound_0070.txt,,640,bruise,f3689ecd8f1e6935a32cb1951cf18c6ffa542eef3214e7a25d595d3b0c27bcdc,SYNTHETIC,copied_from_yolo_processed,raw_synthetic_wound__syn_wound_0070,raw_synthetic_wound,data/datasets/raw/synthetic_wound/train/labels/syn_wound_0070.txt,data/datasets/raw/synthetic_wound/train/images/syn_wound_0070.jpg,train,syn_wound_0070,train,640
1,0,1,9d48a1add936d188bf258989f65f37d09090be87cb36e105646b58ee62e93dbe,data/datasets/yolo_retrain_v2/images/train/raw_synthetic_wound__syn_wound_0071.jpg,data/datasets/yolo_retrain_v2/labels/train/raw_synthetic_wound__syn_wound_0071.txt,,640,cut,b2b5a924228286812f829e5279fe23d928f9d8b4d94bd9306c0188a7ed695f40,SYNTHETIC,copied_from_yolo_processed,raw_synthetic_wound__syn_wound_0071,raw_synthetic_wound,data/datasets/raw/synthetic_wound/train/labels/syn_wound_0071.txt,data/datasets/raw/synthetic_wound/train/images/syn_wound_0071.jpg,train,syn_wound_0071,train,640
1,0,1,07c51af0368141af5145e34bd74b5606c412b4503c1fdac53cf8d7ce4181e191,data/datasets/yolo_retrain_v2/images/train/raw_synthetic_wound__syn_wound_0072.jpg,data/datasets/yolo_retrain_v2/labels/train/raw_synthetic_wound__syn_wound_0072.txt,,640,cut,64bbc2d64491927b41e5bdb641d42120df4c36428cb0b07c6cbafcec7c112abc,SYNTHETIC,copied_from_yolo_processed,raw_synthetic_wound__syn_wound_0072,raw_synthetic_wound,data/datasets/raw/synthetic_wound/train/labels/syn_wound_0072.txt,data/datasets/raw/synthetic_wound/train/images/syn_wound_0072.jpg,train,syn_wound_0072,train,640
1,0,1,7f7ec801aceebec636af0ef09d7891d5028e64bbdaf828db9395d3a32cc8ada6,data/datasets/yolo_retrain_v2/images/train/raw_synthetic_wound__syn_wound_0075.jpg,data/datasets/yolo_retrain_v2/labels/train/raw_synthetic_wound__syn_wound_0075.txt,,640,bruise,c6098a8f6d62764353ed69be682ad701e11dd140c2b6c8f4f86c832e74f6a246,SYNTHETIC,copied_from_yolo_processed,raw_synthetic_wound__syn_wound_0075,raw_synthetic_wound,data/datasets/raw/synthetic_wound/train/labels/syn_wound_0075.txt,data/datasets/raw/synthetic_wound/train/images/syn_wound_0075.jpg,train,syn_wound_0075,train,640
1,0,1,31fa84ce06badd5c4a040ad40f29c25d26e8282425dddb41574c77cfe49e9069,data/datasets/yolo_retrain_v2/images/train/raw_synthetic_wound__syn_wound_0076.jpg,data/datasets/yolo_retrain_v2/labels/train/raw_synthetic_wound__syn_wound_0076.txt,,640,bruise,2aaa1bf11a7792f4b83daf797220e4939155cf5f315bddace7f90d683ef5afff,SYNTHETIC,copied_from_yolo_processed,raw_synthetic_wound__syn_wound_0076,raw_synthetic_wound,data/datasets/raw/synthetic_wound/train/labels/syn_wound_0076.txt,data/datasets/raw/synthetic_wound/train/images/syn_wound_0076.jpg,train,syn_wound_0076,train,640
1,0,1,6e2606a459dcbeace089208c98c5c305c13960915179464a1ae389e5e1d766bd,data/datasets/yolo_retrain_v2/images/train/raw_synthetic_wound__syn_wound_0077.jpg,data/datasets/yolo_retrain_v2/labels/train/raw_synthetic_wound__syn_wound_0077.txt,,640,bruise,9c181d37d616cce531cfd537792ab1dbba6295eaadf022fab7d0a7e85be54e6d,SYNTHETIC,copied_from_yolo_processed,raw_synthetic_wound__syn_wound_0077,raw_synthetic_wound,data/datasets/raw/synthetic_wound/train/labels/syn_wound_0077.txt,data/datasets/raw/synthetic_wound/train/images/syn_wound_0077.jpg,train,syn_wound_0077,train,640
1,0,1,9a9547a0dcbab387080ab2fc328c45edf061d8a63a02e94dbf56558b7f778da6,data/datasets/yolo_retrain_v2/images/train/raw_synthetic_wound__syn_wound_0078.jpg,data/datasets/yolo_retrain_v2/labels/train/raw_synthetic_wound__syn_wound_0078.txt,,640,cut,a29a37c468ac073201099fb6ab8887431584d5f10bd1d68548b3376ed88d8c54,SYNTHETIC,copied_from_yolo_processed,raw_synthetic_wound__syn_wound_0078,raw_synthetic_wound,data/datasets/raw/synthetic_wound/train/labels/syn_wound_0078.txt,data/datasets/raw/synthetic_wound/train/images/syn_wound_0078.jpg,train,syn_wound_0078,train,640
1,0,1,e5ca2eed93d5e12645fc10f81c000d2da26ea06f2eb18e60e3f85f54a7441dfd,data/datasets/yolo_retrain_v2/images/train/raw_synthetic_wound__syn_wound_0079.jpg,data/datasets/yolo_retrain_v2/labels/train/raw_synthetic_wound__syn_wound_0079.txt,,640,cut,f11b77dbe997f6fea8f7be4fe6cf625af42235efc734a4d69d0340d197441cde,SYNTHETIC,copied_from_yolo_processed,raw_synthetic_wound__syn_wound_0079,raw_synthetic_wound,data/datasets/raw/synthetic_wound/train/labels/syn_wound_0079.txt,data/datasets/raw/synthetic_wound/train/images/syn_wound_0079.jpg,train,syn_wound_0079,train,640
1,0,1,993b26ee8ba7bc0834684132326073d891f213892893508f477bb816f8fdb014,data/datasets/yolo_retrain_v2/images/train/raw_synthetic_wound__syn_wound_0080.jpg,data/datasets/yolo_retrain_v2/labels/train/raw_synthetic_wound__syn_wound_0080.txt,,640,bruise,bc353164077c9729eb3d5af702b16f1c101093eae9e8ba853dd7a475263f7c09,SYNTHETIC,copied_from_yolo_processed,raw_synthetic_wound__syn_wound_0080,raw_synthetic_wound,data/datasets/raw/synthetic_wound/train/labels/syn_wound_0080.txt,data/datasets/raw/synthetic_wound/train/images/syn_wound_0080.jpg,train,syn_wound_0080,train,640
1,0,1,cc5e33ba5341889b9968b10d761161760db50b32d48f069901a8ef1287ca5bfc,data/datasets/yolo_retrain_v2/images/train/raw_synthetic_wound__syn_wound_0081.jpg,data/datasets/yolo_retrain_v2/labels/train/raw_synthetic_wound__syn_wound_0081.txt,,640,cut,b3fde7c8d8572414c90d8899fa1f5b7549a1bfe5f4a7dfa92d07176e9f73b030,SYNTHETIC,copied_from_yolo_processed,raw_synthetic_wound__syn_wound_0081,raw_synthetic_wound,data/datasets/raw/synthetic_wound/train/labels/syn_wound_0081.txt,data/datasets/raw/synthetic_wound/train/images/syn_wound_0081.jpg,train,syn_wound_0081,train,640
1,0,1,6e46ca8b12ead4728de4c49387aeb4afbb25a4ffcc3934d388ae0f12adc84317,data/datasets/yolo_retrain_v2/images/train/raw_synthetic_wound__syn_wound_0082.jpg,data/datasets/yolo_retrain_v2/labels/train/raw_synthetic_wound__syn_wound_0082.txt,,640,cut,e24ba378824690572242890fa7cb017eb872e6e03acb96dfc8bb93df52fddc74,SYNTHETIC,copied_from_yolo_processed,raw_synthetic_wound__syn_wound_0082,raw_synthetic_wound,data/datasets/raw/synthetic_wound/train/labels/syn_wound_0082.txt,data/datasets/raw/synthetic_wound/train/images/syn_wound_0082.jpg,train,syn_wound_0082,train,640
1,0,1,1a67419baa8dfa1da0fb900f527942023e871b8281dd615c65c43d242507265e,data/datasets/yolo_retrain_v2/images/train/raw_synthetic_wound__syn_wound_0084.jpg,data/datasets/yolo_retrain_v2/labels/train/raw_synthetic_wound__syn_wound_0084.txt,,640,cut,0781e94345a7e98ac07646fba176547bb89b108ed787d2fc34af4bc7a9f11b39,SYNTHETIC,copied_from_yolo_processed,raw_synthetic_wound__syn_wound_0084,raw_synthetic_wound,data/datasets/raw/synthetic_wound/train/labels/syn_wound_0084.txt,data/datasets/raw/synthetic_wound/train/images/syn_wound_0084.jpg,train,syn_wound_0084,train,640
1,0,1,cec6e58bef1593d682a260c18bd6c81e7ae056e779044aef3e06ffa962c10ca6,data/datasets/yolo_retrain_v2/images/train/raw_synthetic_wound__syn_wound_0085.jpg,data/datasets/yolo_retrain_v2/labels/train/raw_synthetic_wound__syn_wound_0085.txt,,640,cut,f2a94813604040da8886d386e7b4019146e7e2a74ab6cf5611007ba2760d22ee,SYNTHETIC,copied_from_yolo_processed,raw_synthetic_wound__syn_wound_0085,raw_synthetic_wound,data/datasets/raw/synthetic_wound/train/labels/syn_wound_0085.txt,data/datasets/raw/synthetic_wound/train/images/syn_wound_0085.jpg,train,syn_wound_0085,train,640
1,0,1,e9941eb1d8c9aba1b0f9a0e8f5779f0f134de64825665f8057b53701fe9cb485,data/datasets/yolo_retrain_v2/images/train/raw_synthetic_wound__syn_wound_0088.jpg,data/datasets/yolo_retrain_v2/labels/train/raw_synthetic_wound__syn_wound_0088.txt,,640,bruise,7ffe369b219dab44c4d46c8bbd1f98a2202c8ee0048c2ffdbd667c9c044c65d1,SYNTHETIC,copied_from_yolo_processed,raw_synthetic_wound__syn_wound_0088,raw_synthetic_wound,data/datasets/raw/synthetic_wound/train/labels/syn_wound_0088.txt,data/datasets/raw/synthetic_wound/train/images/syn_wound_0088.jpg,train,syn_wound_0088,train,640
1,0,1,9ad50ee74fe2ad6b9f34ab74e1f6e2ce2e6d3460d9086ed3e2dd360469b53e9c,data/datasets/yolo_retrain_v2/images/train/raw_synthetic_wound__syn_wound_0091.jpg,data/datasets/yolo_retrain_v2/labels/train/raw_synthetic_wound__syn_wound_0091.txt,,640,bruise,37a040cfc0dfd3a4b71ff4c19b4cad54ded0e774c14bc6d7c91bafe7072f9c15,SYNTHETIC,copied_from_yolo_processed,raw_synthetic_wound__syn_wound_0091,raw_synthetic_wound,data/datasets/raw/synthetic_wound/train/labels/syn_wound_0091.txt,data/datasets/raw/synthetic_wound/train/images/syn_wound_0091.jpg,train,syn_wound_0091,train,640
1,0,1,c6e05565d80cc0be218f296056d0cfd02d2e14e9eda0f824ef00430b1c3963eb,data/datasets/yolo_retrain_v2/images/train/raw_synthetic_wound__syn_wound_0096.jpg,data/datasets/yolo_retrain_v2/labels/train/raw_synthetic_wound__syn_wound_0096.txt,,640,bruise,5a0483320ab6d407c420de08428b3ea7e47217c6f3fec1610e80963f28d26b48,SYNTHETIC,copied_from_yolo_processed,raw_synthetic_wound__syn_wound_0096,raw_synthetic_wound,data/datasets/raw/synthetic_wound/train/labels/syn_wound_0096.txt,data/datasets/raw/synthetic_wound/train/images/syn_wound_0096.jpg,train,syn_wound_0096,train,640
1,0,1,c7564ce048629bd98cb1c47504b811ca6d3db51943f27f07313c3a4629f02c75,data/datasets/yolo_retrain_v2/images/train/raw_synthetic_wound__syn_wound_0098.jpg,data/datasets/yolo_retrain_v2/labels/train/raw_synthetic_wound__syn_wound_0098.txt,,640,cut,6fb3da2e702a48f62a3f94358c778c56e69edd8504a2d373411934af7e849733,SYNTHETIC,copied_from_yolo_processed,raw_synthetic_wound__syn_wound_0098,raw_synthetic_wound,data/datasets/raw/synthetic_wound/train/labels/syn_wound_0098.txt,data/datasets/raw/synthetic_wound/train/images/syn_wound_0098.jpg,train,syn_wound_0098,train,640
1,0,1,24a9649cc4d506b5dc0c558ca38d988516c62fa46ebe37e155a7b42b035f9225,data/datasets/yolo_retrain_v2/images/train/raw_synthetic_wound__syn_wound_0099.jpg,data/datasets/yolo_retrain_v2/labels/train/raw_synthetic_wound__syn_wound_0099.txt,,640,bruise,2569f1099024b49c92547cf79fb5777df3a8f8b3210cdbc62abc657c0e8337dd,SYNTHETIC,copied_from_yolo_processed,raw_synthetic_wound__syn_wound_0099,raw_synthetic_wound,data/datasets/raw/synthetic_wound/train/labels/syn_wound_0099.txt,data/datasets/raw/synthetic_wound/train/images/syn_wound_0099.jpg,train,syn_wound_0099,train,640
1,0,1,3eea02e18dfba99cca9ebcd75c27ab93a7a2f11a1719c39707316a63afdc0e43,data/datasets/yolo_retrain_v2/images/train/raw_synthetic_wound__syn_wound_0101.jpg,data/datasets/yolo_retrain_v2/labels/train/raw_synthetic_wound__syn_wound_0101.txt,,640,cut,25a2333cbcb4bb9162555d6b25d216796a08ae08745e4593e76ad319d9163db5,SYNTHETIC,copied_from_yolo_processed,raw_synthetic_wound__syn_wound_0101,raw_synthetic_wound,data/datasets/raw/synthetic_wound/train/labels/syn_wound_0101.txt,data/datasets/raw/synthetic_wound/train/images/syn_wound_0101.jpg,train,syn_wound_0101,train,640
1,0,1,40361ee95c1f6b536204151146dfaf5911335b16b8833bd488702a222e1c805f,data/datasets/yolo_retrain_v2/images/train/raw_synthetic_wound__syn_wound_0103.jpg,data/datasets/yolo_retrain_v2/labels/train/raw_synthetic_wound__syn_wound_0103.txt,,640,cut,a1d1ca0d3df9f04b919bffa1738f2c345902f8804808334e085e92ce73d215f8,SYNTHETIC,copied_from_yolo_processed,raw_synthetic_wound__syn_wound_0103,raw_synthetic_wound,data/datasets/raw/synthetic_wound/train/labels/syn_wound_0103.txt,data/datasets/raw/synthetic_wound/train/images/syn_wound_0103.jpg,train,syn_wound_0103,train,640
1,0,1,d8e710c1e22577bb3c541ef9f61ac8d84052aacdc84d10783bce486f208254b3,data/datasets/yolo_retrain_v2/images/train/raw_synthetic_wound__syn_wound_0104.jpg,data/datasets/yolo_retrain_v2/labels/train/raw_synthetic_wound__syn_wound_0104.txt,,640,cut,395a1e63f4cb76d0c93c1fb9c60b04dda7bbc0caecdde07f4e30c378eeccc758,SYNTHETIC,copied_from_yolo_processed,raw_synthetic_wound__syn_wound_0104,raw_synthetic_wound,data/datasets/raw/synthetic_wound/train/labels/syn_wound_0104.txt,data/datasets/raw/synthetic_wound/train/images/syn_wound_0104.jpg,train,syn_wound_0104,train,640
1,0,1,f6a8c3422823dc3a2d2a95f5307b40ce05158f64bf7bde75d9b6ba91d0e4050a,data/datasets/yolo_retrain_v2/images/train/raw_synthetic_wound__syn_wound_0108.jpg,data/datasets/yolo_retrain_v2/labels/train/raw_synthetic_wound__syn_wound_0108.txt,,640,bruise,24870414d2cca379549bde5de5c314f6cb9255c3a120da4ce4ee3c275d5056d2,SYNTHETIC,copied_from_yolo_processed,raw_synthetic_wound__syn_wound_0108,raw_synthetic_wound,data/datasets/raw/synthetic_wound/train/labels/syn_wound_0108.txt,data/datasets/raw/synthetic_wound/train/images/syn_wound_0108.jpg,train,syn_wound_0108,train,640
1,0,1,5beb85252668fe45860ad7d013238fd3ed64e7308f4b11d076567cc1fcf2cf00,data/datasets/yolo_retrain_v2/images/train/raw_synthetic_wound__syn_wound_0109.jpg,data/datasets/yolo_retrain_v2/labels/train/raw_synthetic_wound__syn_wound_0109.txt,,640,bruise,d72cae4e9aa483c552679ee8a48e1bcdd8f3a91cfe82d20c88b0d21f5153b77d,SYNTHETIC,copied_from_yolo_processed,raw_synthetic_wound__syn_wound_0109,raw_synthetic_wound,data/datasets/raw/synthetic_wound/train/labels/syn_wound_0109.txt,data/datasets/raw/synthetic_wound/train/images/syn_wound_0109.jpg,train,syn_wound_0109,train,640
1,0,1,5c80f17c6a3a1aacba06463aa691a6f1c1089f065f1d49291ccccbc2906fa321,data/datasets/yolo_retrain_v2/images/train/raw_synthetic_wound__syn_wound_0110.jpg,data/datasets/yolo_retrain_v2/labels/train/raw_synthetic_wound__syn_wound_0110.txt,,640,cut,3be5f5a00c0abc9e98585c304fc5331ce739c7d0207ed81f3932307eb198498a,SYNTHETIC,copied_from_yolo_processed,raw_synthetic_wound__syn_wound_0110,raw_synthetic_wound,data/datasets/raw/synthetic_wound/train/labels/syn_wound_0110.txt,data/datasets/raw/synthetic_wound/train/images/syn_wound_0110.jpg,train,syn_wound_0110,train,640
1,0,1,c817cf830298db08cffc2b298fb4d3566bfff7ceadb3db512abe315ebba2f1ee,data/datasets/yolo_retrain_v2/images/train/raw_synthetic_wound__syn_wound_0113.jpg,data/datasets/yolo_retrain_v2/labels/train/raw_synthetic_wound__syn_wound_0113.txt,,640,cut,9bbd9a2b96d96a8c3262e4bcc1db9296abc7cc4823db18ef34c7f95b001be039,SYNTHETIC,copied_from_yolo_processed,raw_synthetic_wound__syn_wound_0113,raw_synthetic_wound,data/datasets/raw/synthetic_wound/train/labels/syn_wound_0113.txt,data/datasets/raw/synthetic_wound/train/images/syn_wound_0113.jpg,train,syn_wound_0113,train,640
1,0,1,2e75bc4514bb760b4c5548d665f1556623a35fe8f1457733480b0e28b8811f00,data/datasets/yolo_retrain_v2/images/train/raw_synthetic_wound__syn_wound_0114.jpg,data/datasets/yolo_retrain_v2/labels/train/raw_synthetic_wound__syn_wound_0114.txt,,640,cut,5a3165f7ebc5683e8b0fd747043da653d88e146c0f95304e890026325c844761,SYNTHETIC,copied_from_yolo_processed,raw_synthetic_wound__syn_wound_0114,raw_synthetic_wound,data/datasets/raw/synthetic_wound/train/labels/syn_wound_0114.txt,data/datasets/raw/synthetic_wound/train/images/syn_wound_0114.jpg,train,syn_wound_0114,train,640
1,0,1,23868fb2286afa907f1514e44a5f743c61ec21870ca5502a3eec96f91bb6a823,data/datasets/yolo_retrain_v2/images/train/raw_synthetic_wound__syn_wound_0115.jpg,data/datasets/yolo_retrain_v2/labels/train/raw_synthetic_wound__syn_wound_0115.txt,,640,cut,1ae2d5140dfc55c9e6e001e35f375830103c41c4b021f5328da19d21e2f01430,SYNTHETIC,copied_from_yolo_processed,raw_synthetic_wound__syn_wound_0115,raw_synthetic_wound,data/datasets/raw/synthetic_wound/train/labels/syn_wound_0115.txt,data/datasets/raw/synthetic_wound/train/images/syn_wound_0115.jpg,train,syn_wound_0115,train,640
1,0,1,fe848179ce6968e13d7ba50eece82e3d139b8a6d7972feee9dd1833de30cda2b,data/datasets/yolo_retrain_v2/images/train/raw_synthetic_wound__syn_wound_0116.jpg,data/datasets/yolo_retrain_v2/labels/train/raw_synthetic_wound__syn_wound_0116.txt,,640,cut,98b33d9883d37e059404864c8663d3a5b70cf067609e38d8a301e5d01c70e424,SYNTHETIC,copied_from_yolo_processed,raw_synthetic_wound__syn_wound_0116,raw_synthetic_wound,data/datasets/raw/synthetic_wound/train/labels/syn_wound_0116.txt,data/datasets/raw/synthetic_wound/train/images/syn_wound_0116.jpg,train,syn_wound_0116,train,640
1,0,1,a833e614879fc0e2bbc085bfb824b5e22085cd94a8bbabb467e616b943f51a2c,data/datasets/yolo_retrain_v2/images/train/raw_synthetic_wound__syn_wound_0117.jpg,data/datasets/yolo_retrain_v2/labels/train/raw_synthetic_wound__syn_wound_0117.txt,,640,cut,2378823d2114bb93714e6d00d1a8a80566c4c188e6aacc586e868fbfc5777b8e,SYNTHETIC,copied_from_yolo_processed,raw_synthetic_wound__syn_wound_0117,raw_synthetic_wound,data/datasets/raw/synthetic_wound/train/labels/syn_wound_0117.txt,data/datasets/raw/synthetic_wound/train/images/syn_wound_0117.jpg,train,syn_wound_0117,train,640
1,0,1,1b5394ed2640ad76cd9940a1f9c7e606930ad98703f4fdd75ed1ff23ac5b086e,data/datasets/yolo_retrain_v2/images/train/raw_synthetic_wound__syn_wound_0118.jpg,data/datasets/yolo_retrain_v2/labels/train/raw_synthetic_wound__syn_wound_0118.txt,,640,bruise,aac5a7919cb7191c71673879464770223866858b001308964d1fc1637c7e2b66,SYNTHETIC,copied_from_yolo_processed,raw_synthetic_wound__syn_wound_0118,raw_synthetic_wound,data/datasets/raw/synthetic_wound/train/labels/syn_wound_0118.txt,data/datasets/raw/synthetic_wound/train/images/syn_wound_0118.jpg,train,syn_wound_0118,train,640
1,0,1,3292f8ff49b6b8ef95a36c84dbe9f22ef00dc71fde7eecfa1d08b76857f81138,data/datasets/yolo_retrain_v2/images/train/raw_synthetic_wound__syn_wound_0119.jpg,data/datasets/yolo_retrain_v2/labels/train/raw_synthetic_wound__syn_wound_0119.txt,,640,bruise,ebf97dd12e2d7a9299c02a6a4afc9bb4d42e22f9b15559dd20775a8f46b04022,SYNTHETIC,copied_from_yolo_processed,raw_synthetic_wound__syn_wound_0119,raw_synthetic_wound,data/datasets/raw/synthetic_wound/train/labels/syn_wound_0119.txt,data/datasets/raw/synthetic_wound/train/images/syn_wound_0119.jpg,train,syn_wound_0119,train,640
1,0,1,cf15ddf7bd1c5cef6d20d4311020116d500b3013d2e33870e5f8d433bb0b0621,data/datasets/yolo_retrain_v2/images/train/raw_synthetic_wound__syn_wound_0120.jpg,data/datasets/yolo_retrain_v2/labels/train/raw_synthetic_wound__syn_wound_0120.txt,,640,bruise,57095cfc3410f9ca31732d41597d03b6f423403e0b6efe0b7441221af19be614,SYNTHETIC,copied_from_yolo_processed,raw_synthetic_wound__syn_wound_0120,raw_synthetic_wound,data/datasets/raw/synthetic_wound/train/labels/syn_wound_0120.txt,data/datasets/raw/synthetic_wound/train/images/syn_wound_0120.jpg,train,syn_wound_0120,train,640
1,0,1,125a9ae9bb4c8cbe61725dfa2475915907c72d2484da766b1b99ea80ac24f99e,data/datasets/yolo_retrain_v2/images/train/raw_synthetic_wound__syn_wound_0126.jpg,data/datasets/yolo_retrain_v2/labels/train/raw_synthetic_wound__syn_wound_0126.txt,,640,cut,94d0eff1d3cff20c3813888c3932a7d80ef3515b19513e974e0246d35caf6d39,SYNTHETIC,copied_from_yolo_processed,raw_synthetic_wound__syn_wound_0126,raw_synthetic_wound,data/datasets/raw/synthetic_wound/train/labels/syn_wound_0126.txt,data/datasets/raw/synthetic_wound/train/images/syn_wound_0126.jpg,train,syn_wound_0126,train,640
1,0,1,a0572398698231fab96c5d6925bce7257bab28b99788606df0a5aed32fb680c5,data/datasets/yolo_retrain_v2/images/train/raw_synthetic_wound__syn_wound_0128.jpg,data/datasets/yolo_retrain_v2/labels/train/raw_synthetic_wound__syn_wound_0128.txt,,640,bruise,c4146475dbcc02cfe9ca5d8aecd1c501f33c748b905197d8f96c87865544c426,SYNTHETIC,copied_from_yolo_processed,raw_synthetic_wound__syn_wound_0128,raw_synthetic_wound,data/datasets/raw/synthetic_wound/train/labels/syn_wound_0128.txt,data/datasets/raw/synthetic_wound/train/images/syn_wound_0128.jpg,train,syn_wound_0128,train,640
1,0,1,edf8068edceb2a68465660eb4c098f629bde8b246e29ecc80e6e20e261351123,data/datasets/yolo_retrain_v2/images/train/raw_synthetic_wound__syn_wound_0130.jpg,data/datasets/yolo_retrain_v2/labels/train/raw_synthetic_wound__syn_wound_0130.txt,,640,bruise,b2b7dde77d0fe106dbe0f1599902c53eec0fbbe8b289223a336a34f58864e06e,SYNTHETIC,copied_from_yolo_processed,raw_synthetic_wound__syn_wound_0130,raw_synthetic_wound,data/datasets/raw/synthetic_wound/train/labels/syn_wound_0130.txt,data/datasets/raw/synthetic_wound/train/images/syn_wound_0130.jpg,train,syn_wound_0130,train,640
1,0,1,41563152167f965615a3566fec2e0564a29074b6f712f1cc35568bba76acb713,data/datasets/yolo_retrain_v2/images/train/raw_synthetic_wound__syn_wound_0132.jpg,data/datasets/yolo_retrain_v2/labels/train/raw_synthetic_wound__syn_wound_0132.txt,,640,bruise,e7ca49deab84570ffcbe1c3dc59dc2fac8eb7f75ccf47f4c23083e6f64079c40,SYNTHETIC,copied_from_yolo_processed,raw_synthetic_wound__syn_wound_0132,raw_synthetic_wound,data/datasets/raw/synthetic_wound/train/labels/syn_wound_0132.txt,data/datasets/raw/synthetic_wound/train/images/syn_wound_0132.jpg,train,syn_wound_0132,train,640
1,0,1,ec33bb2db1f8a7d8e42890295182161ed23370ca6049816c1fa57fec5678ca0c,data/datasets/yolo_retrain_v2/images/train/raw_synthetic_wound__syn_wound_0133.jpg,data/datasets/yolo_retrain_v2/labels/train/raw_synthetic_wound__syn_wound_0133.txt,,640,cut,c4d8df976c4f8b2860c974459ff430936961a18a4a3c9621faf93b4d89445b9c,SYNTHETIC,copied_from_yolo_processed,raw_synthetic_wound__syn_wound_0133,raw_synthetic_wound,data/datasets/raw/synthetic_wound/train/labels/syn_wound_0133.txt,data/datasets/raw/synthetic_wound/train/images/syn_wound_0133.jpg,train,syn_wound_0133,train,640
1,0,1,b7af43e77e66e3b8737cf41496b4dece7be79f51bf9deb385bacaba463ea4a1f,data/datasets/yolo_retrain_v2/images/train/raw_synthetic_wound__syn_wound_0134.jpg,data/datasets/yolo_retrain_v2/labels/train/raw_synthetic_wound__syn_wound_0134.txt,,640,cut,c2e2ba7f1bdd50112f38e8549fb1eb695142bb925dd5cd72edf29ce9fa684a93,SYNTHETIC,copied_from_yolo_processed,raw_synthetic_wound__syn_wound_0134,raw_synthetic_wound,data/datasets/raw/synthetic_wound/train/labels/syn_wound_0134.txt,data/datasets/raw/synthetic_wound/train/images/syn_wound_0134.jpg,train,syn_wound_0134,train,640
1,0,1,f3e4f224a9ceb52fdede592b0bd5ef012808dff708691f4738206f070d37c1e2,data/datasets/yolo_retrain_v2/images/train/raw_synthetic_wound__syn_wound_0136.jpg,data/datasets/yolo_retrain_v2/labels/train/raw_synthetic_wound__syn_wound_0136.txt,,640,bruise,3a4dbd65c84938706d553a87537cf75f24225c15233c18caeeaeaa1edd67f44f,SYNTHETIC,copied_from_yolo_processed,raw_synthetic_wound__syn_wound_0136,raw_synthetic_wound,data/datasets/raw/synthetic_wound/train/labels/syn_wound_0136.txt,data/datasets/raw/synthetic_wound/train/images/syn_wound_0136.jpg,train,syn_wound_0136,train,640
1,0,1,aae4102868c42e1b4417a06c01f2e57ea903e14a2732841c59df60781855571e,data/datasets/yolo_retrain_v2/images/train/raw_synthetic_wound__syn_wound_0137.jpg,data/datasets/yolo_retrain_v2/labels/train/raw_synthetic_wound__syn_wound_0137.txt,,640,cut,e8aa78af2c62c860e4af7db9f2df5d3d3315ac418de446853ebae9239090b4e3,SYNTHETIC,copied_from_yolo_processed,raw_synthetic_wound__syn_wound_0137,raw_synthetic_wound,data/datasets/raw/synthetic_wound/train/labels/syn_wound_0137.txt,data/datasets/raw/synthetic_wound/train/images/syn_wound_0137.jpg,train,syn_wound_0137,train,640
1,0,1,1738dbb94685872d48a4661b4b8af835eb3ce8790b7307b46eb976a881288925,data/datasets/yolo_retrain_v2/images/train/raw_synthetic_wound__syn_wound_0139.jpg,data/datasets/yolo_retrain_v2/labels/train/raw_synthetic_wound__syn_wound_0139.txt,,640,bruise,6bda740380435dff940f85df47ab52b87b55e3e50c3e76181adab40167e773cf,SYNTHETIC,copied_from_yolo_processed,raw_synthetic_wound__syn_wound_0139,raw_synthetic_wound,data/datasets/raw/synthetic_wound/train/labels/syn_wound_0139.txt,data/datasets/raw/synthetic_wound/train/images/syn_wound_0139.jpg,train,syn_wound_0139,train,640
1,0,1,e462f2d1cf3df0be0e3fbb296ee2de00d917d3a412a1c13993b5e7eb2ac372a4,data/datasets/yolo_retrain_v2/images/train/raw_synthetic_wound__syn_wound_0141.jpg,data/datasets/yolo_retrain_v2/labels/train/raw_synthetic_wound__syn_wound_0141.txt,,640,cut,fd8d1401feb9212d35992f2661e2c6bfa7a3f758b43220a96bcc7620eea00e9b,SYNTHETIC,copied_from_yolo_processed,raw_synthetic_wound__syn_wound_0141,raw_synthetic_wound,data/datasets/raw/synthetic_wound/train/labels/syn_wound_0141.txt,data/datasets/raw/synthetic_wound/train/images/syn_wound_0141.jpg,train,syn_wound_0141,train,640
1,0,1,00ffd5063a5bd0c23920d1d12d8217aa717006fe6248675d4f23ed5c7ae851f5,data/datasets/yolo_retrain_v2/images/train/raw_synthetic_wound__syn_wound_0142.jpg,data/datasets/yolo_retrain_v2/labels/train/raw_synthetic_wound__syn_wound_0142.txt,,640,bruise,558fb82bb3f0cb1a2042f87d968b5274b55e49b2be79c7bf2437319ad4d24014,SYNTHETIC,copied_from_yolo_processed,raw_synthetic_wound__syn_wound_0142,raw_synthetic_wound,data/datasets/raw/synthetic_wound/train/labels/syn_wound_0142.txt,data/datasets/raw/synthetic_wound/train/images/syn_wound_0142.jpg,train,syn_wound_0142,train,640
1,0,1,7c5f9e9ead0fe2b9aa3bec57e4c179c41d5dff473ada2284a40d3231bfa11b09,data/datasets/yolo_retrain_v2/images/train/raw_synthetic_wound__syn_wound_0145.jpg,data/datasets/yolo_retrain_v2/labels/train/raw_synthetic_wound__syn_wound_0145.txt,,640,cut,e2124a63ae2184963710fba1bd66e5ec55c803ec6d2c4dc4dc0d2bc6599cba79,SYNTHETIC,copied_from_yolo_processed,raw_synthetic_wound__syn_wound_0145,raw_synthetic_wound,data/datasets/raw/synthetic_wound/train/labels/syn_wound_0145.txt,data/datasets/raw/synthetic_wound/train/images/syn_wound_0145.jpg,train,syn_wound_0145,train,640
1,0,1,36c038f7e54b35b4a318f967faf7f9190c01ddee5175503fc14fda745dbb191f,data/datasets/yolo_retrain_v2/images/train/raw_synthetic_wound__syn_wound_0146.jpg,data/datasets/yolo_retrain_v2/labels/train/raw_synthetic_wound__syn_wound_0146.txt,,640,bruise,2c277b193d76271b446c70e4c7bc475c8d0ddabc1d963313929a13ac2329d95a,SYNTHETIC,copied_from_yolo_processed,raw_synthetic_wound__syn_wound_0146,raw_synthetic_wound,data/datasets/raw/synthetic_wound/train/labels/syn_wound_0146.txt,data/datasets/raw/synthetic_wound/train/images/syn_wound_0146.jpg,train,syn_wound_0146,train,640
1,0,1,1674fe9d904c4c1f2dc12838df88ec7ff0e493bad87ae6a54655b441a8d08491,data/datasets/yolo_retrain_v2/images/train/raw_synthetic_wound__syn_wound_0148.jpg,data/datasets/yolo_retrain_v2/labels/train/raw_synthetic_wound__syn_wound_0148.txt,,640,cut,3eb65bad0545c7445dd8799c98745839f5ebc6e6c0253269fa8a8f6916145290,SYNTHETIC,copied_from_yolo_processed,raw_synthetic_wound__syn_wound_0148,raw_synthetic_wound,data/datasets/raw/synthetic_wound/train/labels/syn_wound_0148.txt,data/datasets/raw/synthetic_wound/train/images/syn_wound_0148.jpg,train,syn_wound_0148,train,640
1,0,1,6ea97d6703ba096ac01a710fec4f5ff00c3b194f70735e1fdb445bf63ca3e24a,data/datasets/yolo_retrain_v2/images/train/raw_synthetic_wound__syn_wound_neardup.jpg,data/datasets/yolo_retrain_v2/labels/train/raw_synthetic_wound__syn_wound_neardup.txt,,640,bruise,66161c4de0992abfedd2633ab8141d0f6c7bb99d4aec80428c1a480a1f7132db,SYNTHETIC,copied_from_yolo_processed,raw_synthetic_wound__syn_wound_neardup,raw_synthetic_wound,data/datasets/raw/synthetic_wound/train/labels/syn_wound_neardup.txt,data/datasets/raw/synthetic_wound/train/images/syn_wound_neardup.jpg,train,syn_wound_neardup,train,640
1,0,1,36bd205ae164f37eaaeaa3a49fa90c2299360649be6ee75738ec3b106f5d3923,data/datasets/yolo_retrain_v2/images/val/raw_synthetic_wound__syn_wound_0150.jpg,data/datasets/yolo_retrain_v2/labels/val/raw_synthetic_wound__syn_wound_0150.txt,,640,bruise,3e46496c35a089cd7476e5cc0b24a7c4611962730bee8962addd19edead54ebd,SYNTHETIC,copied_from_yolo_processed,raw_synthetic_wound__syn_wound_0150,raw_synthetic_wound,data/datasets/raw/synthetic_wound/valid/labels/syn_wound_0150.txt,data/datasets/raw/synthetic_wound/valid/images/syn_wound_0150.jpg,val,syn_wound_0150,val,640
1,0,1,c0a6d7b170a7d9656477fbcafb09d5a4ee2c0e81e6893bbcafc9991adace7e98,data/datasets/yolo_retrain_v2/images/val/raw_synthetic_wound__syn_wound_0153.jpg,data/datasets/yolo_retrain_v2/labels/val/raw_synthetic_wound__syn_wound_0153.txt,,640,bruise,3f82065f4aeaf52b4dce9bdea5e61219309375d7fa7c2fe9ff90a962910aed1c,SYNTHETIC,copied_from_yolo_processed,raw_synthetic_wound__syn_wound_0153,raw_synthetic_wound,data/datasets/raw/synthetic_wound/valid/labels/syn_wound_0153.txt,data/datasets/raw/synthetic_wound/valid/images/syn_wound_0153.jpg,val,syn_wound_0153,val,640
1,0,1,7c7034a47ec81d51e40bb2a40b913434f0ec47eff5ada6891b2f87c25d21dfab,data/datasets/yolo_retrain_v2/images/val/raw_synthetic_wound__syn_wound_0156.jpg,data/datasets/yolo_retrain_v2/labels/val/raw_synthetic_wound__syn_wound_0156.txt,,640,bruise,6b3234a8179e25556ca254fe35b994cf13d26b76311590b70b4ae7b4e143f964,SYNTHETIC,copied_from_yolo_processed,raw_synthetic_wound__syn_wound_0156,raw_synthetic_wound,data/datasets/raw/synthetic_wound/valid/labels/syn_wound_0156.txt,data/datasets/raw/synthetic_wound/valid/images/syn_wound_0156.jpg,val,syn_wound_0156,val,640
1,0,1,d3cf73a74cff04f51d6fa43854997f1faf773aa54d5653d9fa86ef3da3c6d41c,data/datasets/yolo_retrain_v2/images/val/raw_synthetic_wound__syn_wound_0157.jpg,data/datasets/yolo_retrain_v2/labels/val/raw_synthetic_wound__syn_wound_0157.txt,,640,cut,7161316c32923c1e5bf4236fcd461223cd4ccad4106ebeb915764bcc9e61252c,SYNTHETIC,copied_from_yolo_processed,raw_synthetic_wound__syn_wound_0157,raw_synthetic_wound,data/datasets/raw/synthetic_wound/valid/labels/syn_wound_0157.txt,data/datasets/raw/synthetic_wound/valid/images/syn_wound_0157.jpg,val,syn_wound_0157,val,640
1,0,1,e0ac733b8fd77e408ffa5132c565c0515ecb5db85e260c33897f7d8338be592c,data/datasets/yolo_retrain_v2/images/val/raw_synthetic_wound__syn_wound_0158.jpg,data/datasets/yolo_retrain_v2/labels/val/raw_synthetic_wound__syn_wound_0158.txt,,640,bruise,ad450b83253ad13b347826ee915c71ec16bcdf9d8c96cfbadc9087f69ff26e84,SYNTHETIC,copied_from_yolo_processed,raw_synthetic_wound__syn_wound_0158,raw_synthetic_wound,data/datasets/raw/synthetic_wound/valid/labels/syn_wound_0158.txt,data/datasets/raw/synthetic_wound/valid/images/syn_wound_0158.jpg,val,syn_wound_0158,val,640
1,0,1,657004b1eca24048e8dfa53f61ee3e57e8ae92bd316711d650915ed020a5dac4,data/datasets/yolo_retrain_v2/images/val/raw_synthetic_wound__syn_wound_0160.jpg,data/datasets/yolo_retrain_v2/labels/val/raw_synthetic_wound__syn_wound_0160.txt,,640,bruise,033f34872f2f97517b149bd54cbdfde7afa60f822978aa891bc1f7ebd7bb4faa,SYNTHETIC,copied_from_yolo_processed,raw_synthetic_wound__syn_wound_0160,raw_synthetic_wound,data/datasets/raw/synthetic_wound/valid/labels/syn_wound_0160.txt,data/datasets/raw/synthetic_wound/valid/images/syn_wound_0160.jpg,val,syn_wound_0160,val,640
1,0,1,f3526ef3fed58c72c3a922d4d851a02a8cf782dc52f6b7d10fe05e57facce92b,data/datasets/yolo_retrain_v2/images/val/raw_synthetic_wound__syn_wound_0161.jpg,data/datasets/yolo_retrain_v2/labels/val/raw_synthetic_wound__syn_wound_0161.txt,,640,bruise,2011dbcdc9edcecd17db6c78f343cf50e4318dacf0f4f66505ed8089bf6f6463,SYNTHETIC,copied_from_yolo_processed,raw_synthetic_wound__syn_wound_0161,raw_synthetic_wound,data/datasets/raw/synthetic_wound/valid/labels/syn_wound_0161.txt,data/datasets/raw/synthetic_wound/valid/images/syn_wound_0161.jpg,val,syn_wound_0161,val,640
1,0,1,a16317e9883a84a512ebe2e0b1954f4fc8a4f1883a57ecd1c1658099bbd470d9,data/datasets/yolo_retrain_v2/images/val/raw_synthetic_wound__syn_wound_0163.jpg,data/datasets/yolo_retrain_v2/labels/val/raw_synthetic_wound__syn_wound_0163.txt,,640,bruise,cd8c027d07ad5141421b46f4f2538b96edd33f0f72652e2ff75016c25907577f,SYNTHETIC,copied_from_yolo_processed,raw_synthetic_wound__syn_wound_0163,raw_synthetic_wound,data/datasets/raw/synthetic_wound/valid/labels/syn_wound_0163.txt,data/datasets/raw/synthetic_wound/valid/images/syn_wound_0163.jpg,val,syn_wound_0163,val,640
1,0,1,c1cb2f0bbad8b2ecd5d62b120d09490ac38626e6af6a613aab1c5c7de06e2ec3,data/datasets/yolo_retrain_v2/images/val/raw_synthetic_wound__syn_wound_0164.jpg,data/datasets/yolo_retrain_v2/labels/val/raw_synthetic_wound__syn_wound_0164.txt,,640,cut,8a3c2cca79efcf52e80ff56e15eda103d95c106cad360616eb94e2bae60a3073,SYNTHETIC,copied_from_yolo_processed,raw_synthetic_wound__syn_wound_0164,raw_synthetic_wound,data/datasets/raw/synthetic_wound/valid/labels/syn_wound_0164.txt,data/datasets/raw/synthetic_wound/valid/images/syn_wound_0164.jpg,val,syn_wound_0164,val,640
1,0,1,4bdffbee64e54a8c8ed97f8638a73e6f9ac12179bf8e4f74d56ae99954d89d8d,data/datasets/yolo_retrain_v2/images/val/raw_synthetic_wound__syn_wound_0167.jpg,data/datasets/yolo_retrain_v2/labels/val/raw_synthetic_wound__syn_wound_0167.txt,,640,bruise,d1bdff6c691cd1c31a4ff373c4dea67e6aaab59ef21db4ab7000e2c8786785fc,SYNTHETIC,copied_from_yolo_processed,raw_synthetic_wound__syn_wound_0167,raw_synthetic_wound,data/datasets/raw/synthetic_wound/valid/labels/syn_wound_0167.txt,data/datasets/raw/synthetic_wound/valid/images/syn_wound_0167.jpg,val,syn_wound_0167,val,640
1,0,1,efa9ab0ddbb95f2d16badd14989395ee570ae676031903957bf902abca08902c,data/datasets/yolo_retrain_v2/images/val/raw_synthetic_wound__syn_wound_0170.jpg,data/datasets/yolo_retrain_v2/labels/val/raw_synthetic_wound__syn_wound_0170.txt,,640,cut,a780473470fff5928ea5134e41126d3e151afa588a1c5a786cb903c56bd7f8e5,SYNTHETIC,copied_from_yolo_processed,raw_synthetic_wound__syn_wound_0170,raw_synthetic_wound,data/datasets/raw/synthetic_wound/valid/labels/syn_wound_0170.txt,data/datasets/raw/synthetic_wound/valid/images/syn_wound_0170.jpg,val,syn_wound_0170,val,640
1,0,1,5000040f1b625ab084f79ddb4f53b5249322012949559a2a75746241b0b602d2,data/datasets/yolo_retrain_v2/images/val/raw_synthetic_wound__syn_wound_0171.jpg,data/datasets/yolo_retrain_v2/labels/val/raw_synthetic_wound__syn_wound_0171.txt,,640,bruise,f5e8be7d6f8d78b9f33ddf496ecb959040909ecea6d159e740bc9d959295c7ee,SYNTHETIC,copied_from_yolo_processed,raw_synthetic_wound__syn_wound_0171,raw_synthetic_wound,data/datasets/raw/synthetic_wound/valid/labels/syn_wound_0171.txt,data/datasets/raw/synthetic_wound/valid/images/syn_wound_0171.jpg,val,syn_wound_0171,val,640
1,0,1,80c2821fc0d5c5d4271d19e952493147033f65dbcb11dcd10fff2ae230be25c1,data/datasets/yolo_retrain_v2/images/val/raw_synthetic_wound__syn_wound_0172.jpg,data/datasets/yolo_retrain_v2/labels/val/raw_synthetic_wound__syn_wound_0172.txt,,640,bruise,22844990fd880462094f6b197a46664392044d17433073f250b79ad48063bf75,SYNTHETIC,copied_from_yolo_processed,raw_synthetic_wound__syn_wound_0172,raw_synthetic_wound,data/datasets/raw/synthetic_wound/valid/labels/syn_wound_0172.txt,data/datasets/raw/synthetic_wound/valid/images/syn_wound_0172.jpg,val,syn_wound_0172,val,640
1,0,1,3b04916467c05ca5d2ef2370e95ed4028e3877f8d9a4f214987000896eb74944,data/datasets/yolo_retrain_v2/images/val/raw_synthetic_wound__syn_wound_0173.jpg,data/datasets/yolo_retrain_v2/labels/val/raw_synthetic_wound__syn_wound_0173.txt,,640,cut,3fe10bf669db7df3ac3c7db4ed78f0ae4ea11cee87b9834bd62fddec8619cf68,SYNTHETIC,copied_from_yolo_processed,raw_synthetic_wound__syn_wound_0173,raw_synthetic_wound,data/datasets/raw/synthetic_wound/valid/labels/syn_wound_0173.txt,data/datasets/raw/synthetic_wound/valid/images/syn_wound_0173.jpg,val,syn_wound_0173,val,640
1,0,1,d130f9cc4e16813cf37e0ba681d8b7a972a0481ac879c49e3e61e43abb503faf,data/datasets/yolo_retrain_v2/images/val/raw_synthetic_wound__syn_wound_0179.jpg,data/datasets/yolo_retrain_v2/labels/val/raw_synthetic_wound__syn_wound_0179.txt,,640,cut,22354de9f1781dcb4fd52ebf4a19e69f7774781269c6d27853b86fa0355f2f9d,SYNTHETIC,copied_from_yolo_processed,raw_synthetic_wound__syn_wound_0179,raw_synthetic_wound,data/datasets/raw/synthetic_wound/valid/labels/syn_wound_0179.txt,data/datasets/raw/synthetic_wound/valid/images/syn_wound_0179.jpg,val,syn_wound_0179,val,640
1,0,1,4a534828947d9ee6be3c1f96e2efd7ab67700d58f0d29db9f9e626b7269a13d2,data/datasets/yolo_retrain_v2/images/val/raw_synthetic_wound__syn_wound_0181.jpg,data/datasets/yolo_retrain_v2/labels/val/raw_synthetic_wound__syn_wound_0181.txt,,640,bruise,55d66d81809ee5dac8e5955d6b5fb1a802e0f086f71f0f59a03fa8ed2094f3fb,SYNTHETIC,copied_from_yolo_processed,raw_synthetic_wound__syn_wound_0181,raw_synthetic_wound,data/datasets/raw/synthetic_wound/valid/labels/syn_wound_0181.txt,data/datasets/raw/synthetic_wound/valid/images/syn_wound_0181.jpg,val,syn_wound_0181,val,640
1,0,1,4ab3d95f85114bcadea357c87fb6608ee9098f04e1bdf0e45ebc472e2d374779,data/datasets/yolo_retrain_v2/images/val/raw_synthetic_wound__syn_wound_0182.jpg,data/datasets/yolo_retrain_v2/labels/val/raw_synthetic_wound__syn_wound_0182.txt,,640,bruise,ace1d0125b7e1413b2a57d09858552a8bd829a58061a41b3a0e38fe6ce810c51,SYNTHETIC,copied_from_yolo_processed,raw_synthetic_wound__syn_wound_0182,raw_synthetic_wound,data/datasets/raw/synthetic_wound/valid/labels/syn_wound_0182.txt,data/datasets/raw/synthetic_wound/valid/images/syn_wound_0182.jpg,val,syn_wound_0182,val,640
1,0,1,f01d1481fecb624ca20deb5f76433a9af8e263ec3bb51e23b1b269c6bfd0f057,data/datasets/yolo_retrain_v2/images/val/raw_synthetic_wound__syn_wound_0183.jpg,data/datasets/yolo_retrain_v2/labels/val/raw_synthetic_wound__syn_wound_0183.txt,,640,cut,00a3883595de0d1c41ef5a44e475b6f6f916833a8f457d5654a357fe03ad5bde,SYNTHETIC,copied_from_yolo_processed,raw_synthetic_wound__syn_wound_0183,raw_synthetic_wound,data/datasets/raw/synthetic_wound/valid/labels/syn_wound_0183.txt,data/datasets/raw/synthetic_wound/valid/images/syn_wound_0183.jpg,val,syn_wound_0183,val,640
1,0,1,d872bb26a51e3467fbebae3527073a29444b011bf3b05b9a4040614e9013b7f3,data/datasets/yolo_retrain_v2/images/val/raw_synthetic_wound__syn_wound_0184.jpg,data/datasets/yolo_retrain_v2/labels/val/raw_synthetic_wound__syn_wound_0184.txt,,640,bruise,6ac2b3fde5e8225852846d07737e8eb04e037566c73510c2df59018a74bf4582,SYNTHETIC,copied_from_yolo_processed,raw_synthetic_wound__syn_wound_0184,raw_synthetic_wound,data/datasets/raw/synthetic_wound/valid/labels/syn_wound_0184.txt,data/datasets/raw/synthetic_wound/valid/images/syn_wound_0184.jpg,val,syn_wound_0184,val,640
1,0,1,56294535b00ba9e34bb210d3b636bc2df8b532d0161fd7fc12d6f96aab44500b,data/datasets/yolo_retrain_v2/images/test/yolo_real_wound__public_sample_0001.jpg,data/datasets/yolo_retrain_v2/labels/test/yolo_real_wound__public_sample_0001.txt,,224,cut,f3a0596e8cd0212b0435977128635e66bd899c555bf9a3e2f923ec665b044d71,SYNTHETIC,copied_from_yolo_processed,yolo_real_wound__public_sample_0001,yolo_real_wound,data/datasets/yolo_real_wound/labels/test/public_sample_0001.txt,data/datasets/yolo_real_wound/images/test/public_sample_0001.jpg,test,public_sample_0001,test,224
1,0,1,fe46d4db54a79a59bc7e6645e1db90842fb1df503ba7f8d66eef1f67af218a45,data/datasets/yolo_retrain_v2/images/test/yolo_real_wound__public_sample_0002.jpg,data/datasets/yolo_retrain_v2/labels/test/yolo_real_wound__public_sample_0002.txt,,224,bruise,b5b1eaa164eed94f775a3402658434e6e6c0fa5b4e2f38aa2cfbd8d81f00a88c,SYNTHETIC,copied_from_yolo_processed,yolo_real_wound__public_sample_0002,yolo_real_wound,data/datasets/yolo_real_wound/labels/test/public_sample_0002.txt,data/datasets/yolo_real_wound/images/test/public_sample_0002.jpg,test,public_sample_0002,test,224
,,0,,data/datasets/yolo_retrain_v2/images/val/negative__blank_skin.jpg,data/datasets/yolo_retrain_v2/labels/val/negative__blank_skin.txt,,,,,SYNTHETIC,existing_negative_empty_label,negative__blank_skin,yolo_injury_negative,,data/datasets/yolo_injury/blank_skin.jpg,,,val,
,,0,,data/datasets/yolo_retrain_v2/images/test/negative__dummy_test.jpg,data/datasets/yolo_retrain_v2/labels/test/negative__dummy_test.txt,,,,,SYNTHETIC,existing_negative_empty_label,negative__dummy_test,yolo_injury_negative,,data/datasets/yolo_injury/dummy_test.jpg,,,test,
