sample_id,split,class,image_path,source_dataset,provenance,pixel_sha256
yolo_raw_synthetic_wound__syn_wound_0005,train,bruise,data/datasets/efficientnet_with_normal/images/bruise_yolo_raw_synthetic_wound__syn_wound_0005.png,yolo_processed,SYNTHETIC,fe3afd7ec0b85042da1c11f2985f1f6fcbd99851aea29c6e872819db08dab1ed
yolo_raw_synthetic_wound__syn_wound_0008,test,bruise,data/datasets/efficientnet_with_normal/images/bruise_yolo_raw_synthetic_wound__syn_wound_0008.png,yolo_processed,SYNTHETIC,ff7af743d0632bfc6b83e790379c882ce5a7882dcb4aa927f4d70b907284912e
yolo_raw_synthetic_wound__syn_wound_0023,train,bruise,data/datasets/efficientnet_with_normal/images/bruise_yolo_raw_synthetic_wound__syn_wound_0023.png,yolo_processed,SYNTHETIC,dca6bf88146600b7120b7828b22e574b4e3bebe247d4b2e0ab99a4622160a3c8
yolo_raw_synthetic_wound__syn_wound_0029,train,bruise,data/datasets/efficientnet_with_normal/images/bruise_yolo_raw_synthetic_wound__syn_wound_0029.png,yolo_processed,SYNTHETIC,f46fe43dcbbb30707ae99bc3a025b1c3fee6f3b358cf68a9a2056bbf07b9aebd
yolo_raw_synthetic_wound__syn_wound_0070,train,bruise,data/datasets/efficientnet_with_normal/images/bruise_yolo_raw_synthetic_wound__syn_wound_0070.png,yolo_processed,SYNTHETIC,f3689ecd8f1e6935a32cb1951cf18c6ffa542eef3214e7a25d595d3b0c27bcdc
yolo_raw_synthetic_wound__syn_wound_0109,test,bruise,data/datasets/efficientnet_with_normal/images/bruise_yolo_raw_synthetic_wound__syn_wound_0109.png,yolo_processed,SYNTHETIC,d72cae4e9aa483c552679ee8a48e1bcdd8f3a91cfe82d20c88b0d21f5153b77d
yolo_raw_synthetic_wound__syn_wound_0119,train,bruise,data/datasets/efficientnet_with_normal/images/bruise_yolo_raw_synthetic_wound__syn_wound_0119.png,yolo_processed,SYNTHETIC,ebf97dd12e2d7a9299c02a6a4afc9bb4d42e22f9b15559dd20775a8f46b04022
yolo_raw_synthetic_wound__syn_wound_0132,val,bruise,data/datasets/efficientnet_with_normal/images/bruise_yolo_raw_synthetic_wound__syn_wound_0132.png,yolo_processed,SYNTHETIC,e7ca49deab84570ffcbe1c3dc59dc2fac8eb7f75ccf47f4c23083e6f64079c40
yolo_raw_synthetic_wound__syn_wound_0171,val,bruise,data/datasets/efficientnet_with_normal/images/bruise_yolo_raw_synthetic_wound__syn_wound_0171.png,yolo_processed,SYNTHETIC,f5e8be7d6f8d78b9f33ddf496ecb959040909ecea6d159e740bc9d959295c7ee
yolo_raw_synthetic_wound__syn_wound_0216,val,bruise,data/datasets/efficientnet_with_normal/images/bruise_yolo_raw_synthetic_wound__syn_wound_0216.png,yolo_processed,SYNTHETIC,f5dfdeaf11980dbe2ab8c21db482087de465c06b73adf5211068993ca2896442
yolo_raw_synthetic_wound__syn_wound_0018,train,cut,data/datasets/efficientnet_with_normal/images/cut_yolo_raw_synthetic_wound__syn_wound_0018.png,yolo_processed,SYNTHETIC,f7602ae01c1b22d3bc57bb83551d56c36744362e6268c75aaae745c604ddc529
yolo_raw_synthetic_wound__syn_wound_0034,train,cut,data/datasets/efficientnet_with_normal/images/cut_yolo_raw_synthetic_wound__syn_wound_0034.png,yolo_processed,SYNTHETIC,ea0a2241645f7b9bc27bae74f12e5b4cc97d39743ef6ffdd091bff7c7c21eb08
yolo_raw_synthetic_wound__syn_wound_0079,train,cut,data/datasets/efficientnet_with_normal/images/cut_yolo_raw_synthetic_wound__syn_wound_0079.png,yolo_processed,SYNTHETIC,f11b77dbe997f6fea8f7be4fe6cf625af42235efc734a4d69d0340d197441cde
yolo_raw_synthetic_wound__syn_wound_0082,train,cut,data/datasets/efficientnet_with_normal/images/cut_yolo_raw_synthetic_wound__syn_wound_0082.png,yolo_processed,SYNTHETIC,e24ba378824690572242890fa7cb017eb872e6e03acb96dfc8bb93df52fddc74
yolo_raw_synthetic_wound__syn_wound_0085,train,cut,data/datasets/efficientnet_with_normal/images/cut_yolo_raw_synthetic_wound__syn_wound_0085.png,yolo_processed,SYNTHETIC,f2a94813604040da8886d386e7b4019146e7e2a74ab6cf5611007ba2760d22ee
yolo_raw_synthetic_wound__syn_wound_0137,train,cut,data/datasets/efficientnet_with_normal/images/cut_yolo_raw_synthetic_wound__syn_wound_0137.png,yolo_processed,SYNTHETIC,e8aa78af2c62c860e4af7db9f2df5d3d3315ac418de446853ebae9239090b4e3
yolo_raw_synthetic_wound__syn_wound_0141,train,cut,data/datasets/efficientnet_with_normal/images/cut_yolo_raw_synthetic_wound__syn_wound_0141.png,yolo_processed,SYNTHETIC,fd8d1401feb9212d35992f2661e2c6bfa7a3f758b43220a96bcc7620eea00e9b
yolo_raw_synthetic_wound__syn_wound_0200,train,cut,data/datasets/efficientnet_with_normal/images/cut_yolo_raw_synthetic_wound__syn_wound_0200.png,yolo_processed,SYNTHETIC,e2f3bfd429480ed5cc17463925d9df218b8b4662f1faac17901b1251b9cd08cc
yolo_yolo_real_wound__public_sample_0001,train,cut,data/datasets/efficientnet_with_normal/images/cut_yolo_yolo_real_wound__public_sample_0001.png,yolo_processed,SYNTHETIC,f3a0596e8cd0212b0435977128635e66bd899c555bf9a3e2f923ec665b044d71
injury_sample_0002,train,bruise,data/datasets/efficientnet_with_normal/images/bruise_injury_sample_0002.png,injury_dataset,SYNTHETIC,34f64ba8d94f4e4cdfd207fb08ee5c2e5176b6a9f9859d54357eb4c4657f3409
yolo_raw_synthetic_wound__syn_wound_0007,test,bruise,data/datasets/efficientnet_with_normal/images/bruise_yolo_raw_synthetic_wound__syn_wound_0007.png,yolo_processed,SYNTHETIC,6a909cf3749b2d12ef8cc7083d708811e978cf3fd78d380a940f9be622ddd58d
yolo_raw_synthetic_wound__syn_wound_0012,train,bruise,data/datasets/efficientnet_with_normal/images/bruise_yolo_raw_synthetic_wound__syn_wound_0012.png,yolo_processed,SYNTHETIC,9b6ccf23860a926d4babfa9d1c9e20c120d96bf9581d4acbf816c21eea1a155f
yolo_raw_synthetic_wound__syn_wound_0017,train,bruise,data/datasets/efficientnet_with_normal/images/bruise_yolo_raw_synthetic_wound__syn_wound_0017.png,yolo_processed,SYNTHETIC,35778770cbee75a6e9f64bd9087296679d3b6611d2e2d02100c7cd38c6ddcf38
yolo_raw_synthetic_wound__syn_wound_0020,val,bruise,data/datasets/efficientnet_with_normal/images/bruise_yolo_raw_synthetic_wound__syn_wound_0020.png,yolo_processed,SYNTHETIC,19957e89f860be0290b3f789883c1c4357936a6cff62e45d5b39b2772fd13a60
yolo_raw_synthetic_wound__syn_wound_0027,train,bruise,data/datasets/efficientnet_with_normal/images/bruise_yolo_raw_synthetic_wound__syn_wound_0027.png,yolo_processed,SYNTHETIC,16df5da17808b93118b40c2908dd16bf0da90f202554ac487493d590da015925
yolo_raw_synthetic_wound__syn_wound_0039,train,bruise,data/datasets/efficientnet_with_normal/images/bruise_yolo_raw_synthetic_wound__syn_wound_0039.png,yolo_processed,SYNTHETIC,346865bafda069544c7a637b905f8aeb80efe9a07efe198e42a1e7ac1ea59889
yolo_raw_synthetic_wound__syn_wound_0041,train,bruise,data/datasets/efficientnet_with_normal/images/bruise_yolo_raw_synthetic_wound__syn_wound_0041.png,yolo_processed,SYNTHETIC,093bb23e43ddc222e755c2592bdfc2389d7bf19b519bad7849275fc4e569e94a
yolo_raw_synthetic_wound__syn_wound_0065,train,bruise,data/datasets/efficientnet_with_normal/images/bruise_yolo_raw_synthetic_wound__syn_wound_0065.png,yolo_processed,SYNTHETIC,9ed56f4479add9efd6db10ff36cdb7a8bd4f639b1fbb2aa96d12cd26a0b37624
yolo_raw_synthetic_wound__syn_wound_0067,train,bruise,data/datasets/efficientnet_with_normal/images/bruise_yolo_raw_synthetic_wound__syn_wound_0067.png,yolo_processed,SYNTHETIC,6741928fab9af0524d795357d9cdcf2d3f67fbb508ac920ef5e3b465994d8aaf
yolo_raw_synthetic_wound__syn_wound_0069,train,bruise,data/datasets/efficientnet_with_normal/images/bruise_yolo_raw_synthetic_wound__syn_wound_0069.png,yolo_processed,SYNTHETIC,247bc40d117f9c8baddff7db4b71e7363769b1a71128fcfd8a96621b5a8534b7
yolo_raw_synthetic_wound__syn_wound_0076,train,bruise,data/datasets/efficientnet_with_normal/images/bruise_yolo_raw_synthetic_wound__syn_wound_0076.png,yolo_processed,SYNTHETIC,2aaa1bf11a7792f4b83daf797220e4939155cf5f315bddace7f90d683ef5afff
yolo_raw_synthetic_wound__syn_wound_0077,train,bruise,data/datasets/efficientnet_with_normal/images/bruise_yolo_raw_synthetic_wound__syn_wound_0077.png,yolo_processed,SYNTHETIC,9c181d37d616cce531cfd537792ab1dbba6295eaadf022fab7d0a7e85be54e6d
yolo_raw_synthetic_wound__syn_wound_0088,train,bruise,data/datasets/efficientnet_with_normal/images/bruise_yolo_raw_synthetic_wound__syn_wound_0088.png,yolo_processed,SYNTHETIC,7ffe369b219dab44c4d46c8bbd1f98a2202c8ee0048c2ffdbd667c9c044c65d1
yolo_raw_synthetic_wound__syn_wound_0091,test,bruise,data/datasets/efficientnet_with_normal/images/bruise_yolo_raw_synthetic_wound__syn_wound_0091.png,yolo_processed,SYNTHETIC,37a040cfc0dfd3a4b71ff4c19b4cad54ded0e774c14bc6d7c91bafe7072f9c15
yolo_raw_synthetic_wound__syn_wound_0096,val,bruise,data/datasets/efficientnet_with_normal/images/bruise_yolo_raw_synthetic_wound__syn_wound_0096.png,yolo_processed,SYNTHETIC,5a0483320ab6d407c420de08428b3ea7e47217c6f3fec1610e80963f28d26b48
yolo_raw_synthetic_wound__syn_wound_0099,train,bruise,data/datasets/efficientnet_with_normal/images/bruise_yolo_raw_synthetic_wound__syn_wound_0099.png,yolo_processed,SYNTHETIC,2569f1099024b49c92547cf79fb5777df3a8f8b3210cdbc62abc657c0e8337dd
yolo_raw_synthetic_wound__syn_wound_0108,train,bruise,data/datasets/efficientnet_with_normal/images/bruise_yolo_raw_synthetic_wound__syn_wound_0108.png,yolo_processed,SYNTHETIC,24870414d2cca379549bde5de5c314f6cb9255c3a120da4ce4ee3c275d5056d2
yolo_raw_synthetic_wound__syn_wound_0118,train,bruise,data/datasets/efficientnet_with_normal/images/bruise_yolo_raw_synthetic_wound__syn_wound_0118.png,yolo_processed,SYNTHETIC,aac5a7919cb7191c71673879464770223866858b001308964d1fc1637c7e2b66
yolo_raw_synthetic_wound__syn_wound_0120,test,bruise,data/datasets/efficientnet_with_normal/images/bruise_yolo_raw_synthetic_wound__syn_wound_0120.png,yolo_processed,SYNTHETIC,57095cfc3410f9ca31732d41597d03b6f423403e0b6efe0b7441221af19be614
yolo_raw_synthetic_wound__syn_wound_0130,train,bruise,data/datasets/efficientnet_with_normal/images/bruise_yolo_raw_synthetic_wound__syn_wound_0130.png,yolo_processed,SYNTHETIC,b2b7dde77d0fe106dbe0f1599902c53eec0fbbe8b289223a336a34f58864e06e
yolo_raw_synthetic_wound__syn_wound_0136,test,bruise,data/datasets/efficientnet_with_normal/images/bruise_yolo_raw_synthetic_wound__syn_wound_0136.png,yolo_processed,SYNTHETIC,3a4dbd65c84938706d553a87537cf75f24225c15233c18caeeaeaa1edd67f44f
yolo_raw_synthetic_wound__syn_wound_0139,val,bruise,data/datasets/efficientnet_with_normal/images/bruise_yolo_raw_synthetic_wound__syn_wound_0139.png,yolo_processed,SYNTHETIC,6bda740380435dff940f85df47ab52b87b55e3e50c3e76181adab40167e773cf
yolo_raw_synthetic_wound__syn_wound_0142,train,bruise,data/datasets/efficientnet_with_normal/images/bruise_yolo_raw_synthetic_wound__syn_wound_0142.png,yolo_processed,SYNTHETIC,558fb82bb3f0cb1a2042f87d968b5274b55e49b2be79c7bf2437319ad4d24014
yolo_raw_synthetic_wound__syn_wound_0146,train,bruise,data/datasets/efficientnet_with_normal/images/bruise_yolo_raw_synthetic_wound__syn_wound_0146.png,yolo_processed,SYNTHETIC,2c277b193d76271b446c70e4c7bc475c8d0ddabc1d963313929a13ac2329d95a
yolo_raw_synthetic_wound__syn_wound_0150,train,bruise,data/datasets/efficientnet_with_normal/images/bruise_yolo_raw_synthetic_wound__syn_wound_0150.png,yolo_processed,SYNTHETIC,3e46496c35a089cd7476e5cc0b24a7c4611962730bee8962addd19edead54ebd
yolo_raw_synthetic_wound__syn_wound_0153,val,bruise,data/datasets/efficientnet_with_normal/images/bruise_yolo_raw_synthetic_wound__syn_wound_0153.png,yolo_processed,SYNTHETIC,3f82065f4aeaf52b4dce9bdea5e61219309375d7fa7c2fe9ff90a962910aed1c
yolo_raw_synthetic_wound__syn_wound_0156,train,bruise,data/datasets/efficientnet_with_normal/images/bruise_yolo_raw_synthetic_wound__syn_wound_0156.png,yolo_processed,SYNTHETIC,6b3234a8179e25556ca254fe35b994cf13d26b76311590b70b4ae7b4e143f964
yolo_raw_synthetic_wound__syn_wound_0158,train,bruise,data/datasets/efficientnet_with_normal/images/bruise_yolo_raw_synthetic_wound__syn_wound_0158.png,yolo_processed,SYNTHETIC,ad450b83253ad13b347826ee915c71ec16bcdf9d8c96cfbadc9087f69ff26e84
yolo_raw_synthetic_wound__syn_wound_0160,train,bruise,data/datasets/efficientnet_with_normal/images/bruise_yolo_raw_synthetic_wound__syn_wound_0160.png,yolo_processed,SYNTHETIC,033f34872f2f97517b149bd54cbdfde7afa60f822978aa891bc1f7ebd7bb4faa
yolo_raw_synthetic_wound__syn_wound_0161,test,bruise,data/datasets/efficientnet_with_normal/images/bruise_yolo_raw_synthetic_wound__syn_wound_0161.png,yolo_processed,SYNTHETIC,2011dbcdc9edcecd17db6c78f343cf50e4318dacf0f4f66505ed8089bf6f6463
yolo_raw_synthetic_wound__syn_wound_0172,train,bruise,data/datasets/efficientnet_with_normal/images/bruise_yolo_raw_synthetic_wound__syn_wound_0172.png,yolo_processed,SYNTHETIC,22844990fd880462094f6b197a46664392044d17433073f250b79ad48063bf75
yolo_raw_synthetic_wound__syn_wound_0181,train,bruise,data/datasets/efficientnet_with_normal/images/bruise_yolo_raw_synthetic_wound__syn_wound_0181.png,yolo_processed,SYNTHETIC,55d66d81809ee5dac8e5955d6b5fb1a802e0f086f71f0f59a03fa8ed2094f3fb
yolo_raw_synthetic_wound__syn_wound_0182,train,bruise,data/datasets/efficientnet_with_normal/images/bruise_yolo_raw_synthetic_wound__syn_wound_0182.png,yolo_processed,SYNTHETIC,ace1d0125b7e1413b2a57d09858552a8bd829a58061a41b3a0e38fe6ce810c51
yolo_raw_synthetic_wound__syn_wound_0184,train,bruise,data/datasets/efficientnet_with_normal/images/bruise_yolo_raw_synthetic_wound__syn_wound_0184.png,yolo_processed,SYNTHETIC,6ac2b3fde5e8225852846d07737e8eb04e037566c73510c2df59018a74bf4582
yolo_raw_synthetic_wound__syn_wound_0185,train,bruise,data/datasets/efficientnet_with_normal/images/bruise_yolo_raw_synthetic_wound__syn_wound_0185.png,yolo_processed,SYNTHETIC,6611663f63c8679d808cf3e04ca451a678951e2e3cbd9db31f9e6bc87336144f
yolo_raw_synthetic_wound__syn_wound_0189,train,bruise,data/datasets/efficientnet_with_normal/images/bruise_yolo_raw_synthetic_wound__syn_wound_0189.png,yolo_processed,SYNTHETIC,aafe3b2a05de215ba9b83e107dfcef362f108f86712697f3db5058f6be871ced
yolo_raw_synthetic_wound__syn_wound_0195,train,bruise,data/datasets/efficientnet_with_normal/images/bruise_yolo_raw_synthetic_wound__syn_wound_0195.png,yolo_processed,SYNTHETIC,713e21fe7a098c0170304502e7289c20ba2547f5a30340140e98f90b56c1a09c
yolo_raw_synthetic_wound__syn_wound_0206,train,bruise,data/datasets/efficientnet_with_normal/images/bruise_yolo_raw_synthetic_wound__syn_wound_0206.png,yolo_processed,SYNTHETIC,1d9af1ea5d22032e74242cd1283124ab4b207c203e3b2b2343f25f2b6895e1bc
yolo_raw_synthetic_wound__syn_wound_0207,train,bruise,data/datasets/efficientnet_with_normal/images/bruise_yolo_raw_synthetic_wound__syn_wound_0207.png,yolo_processed,SYNTHETIC,05aba1b7848518b5169bd147df5027b8196162f92d030c20cc2229ab83fd08ea
yolo_raw_synthetic_wound__syn_wound_0208,val,bruise,data/datasets/efficientnet_with_normal/images/bruise_yolo_raw_synthetic_wound__syn_wound_0208.png,yolo_processed,SYNTHETIC,4692bd9a0fea511b4f37be098ca0395e401c486622b74176d55253dc08df5cb8
yolo_raw_synthetic_wound__syn_wound_0218,test,bruise,data/datasets/efficientnet_with_normal/images/bruise_yolo_raw_synthetic_wound__syn_wound_0218.png,yolo_processed,SYNTHETIC,af89df1907e354b95de0c09fc268ce623ab011305f4e80fd0217a3cfb264d4a5
yolo_raw_synthetic_wound__syn_wound_0219,train,bruise,data/datasets/efficientnet_with_normal/images/bruise_yolo_raw_synthetic_wound__syn_wound_0219.png,yolo_processed,SYNTHETIC,18f3c9bf3a4661ae7f556170b85aae83221e79d5881a1384647021b520250941
yolo_raw_synthetic_wound__syn_wound_neardup,test,bruise,data/datasets/efficientnet_with_normal/images/bruise_yolo_raw_synthetic_wound__syn_wound_neardup.png,yolo_processed,SYNTHETIC,66161c4de0992abfedd2633ab8141d0f6c7bb99d4aec80428c1a480a1f7132db
injury_sample_0001,train,cut,data/datasets/efficientnet_with_normal/images/cut_injury_sample_0001.png,injury_dataset,SYNTHETIC,746f488573dcbda011d115d04f19b18b238c1081af76bd5eb6779624e1a36811
yolo_raw_synthetic_wound__syn_wound_0006,test,cut,data/datasets/efficientnet_with_normal/images/cut_yolo_raw_synthetic_wound__syn_wound_0006.png,yolo_processed,SYNTHETIC,277714de5ed0995331109d02b7eb27a9f8a2a9ced8943590c1de89fbaa0a49e0
yolo_raw_synthetic_wound__syn_wound_0011,test,cut,data/datasets/efficientnet_with_normal/images/cut_yolo_raw_synthetic_wound__syn_wound_0011.png,yolo_processed,SYNTHETIC,a6400be4ade86ca20dcb216fb118facb0aaffa1f41e9a6117936661225551eba
yolo_raw_synthetic_wound__syn_wound_0016,train,cut,data/datasets/efficientnet_with_normal/images/cut_yolo_raw_synthetic_wound__syn_wound_0016.png,yolo_processed,SYNTHETIC,918c8a0fca7f51b149be09ffa4632d0543e88ea7c9a0ceeab3e97240fdd6251c
yolo_raw_synthetic_wound__syn_wound_0024,train,cut,data/datasets/efficientnet_with_normal/images/cut_yolo_raw_synthetic_wound__syn_wound_0024.png,yolo_processed,SYNTHETIC,a6b8c66b9cae73974d9d2c1af75dc027f3d8cea80ae4bf0b8dd4672c49665109
yolo_raw_synthetic_wound__syn_wound_0032,train,cut,data/datasets/efficientnet_with_normal/images/cut_yolo_raw_synthetic_wound__syn_wound_0032.png,yolo_processed,SYNTHETIC,40006e9f326e45ce986f68dd916331be2ad81c0d55edce05bd3b764a3a7a8b1b
yolo_raw_synthetic_wound__syn_wound_0040,train,cut,data/datasets/efficientnet_with_normal/images/cut_yolo_raw_synthetic_wound__syn_wound_0040.png,yolo_processed,SYNTHETIC,7abb11e040b648f567a123a795214958f3460af1cb3f06257a35b5a345b6b77c
yolo_raw_synthetic_wound__syn_wound_0042,train,cut,data/datasets/efficientnet_with_normal/images/cut_yolo_raw_synthetic_wound__syn_wound_0042.png,yolo_processed,SYNTHETIC,a845612d7a2e5ac1eec18850b235c1aaa6c1d03faf8bfee8c6b737c14debdb9c
yolo_raw_synthetic_wound__syn_wound_0045,train,cut,data/datasets/efficientnet_with_normal/images/cut_yolo_raw_synthetic_wound__syn_wound_0045.png,yolo_processed,SYNTHETIC,4eb74202bef0faa479a89b7ddd30f862db238f634b5a2b3763a8b5337ab12f76
yolo_raw_synthetic_wound__syn_wound_0048,train,cut,data/datasets/efficientnet_with_normal/images/cut_yolo_raw_synthetic_wound__syn_wound_0048.png,yolo_processed,SYNTHETIC,3922926f3a0b316189fa30699b23435fa0cd087dfe8b215dc75d6ff9026c6ab5
yolo_raw_synthetic_wound__syn_wound_0049,val,cut,data/datasets/efficientnet_with_normal/images/cut_yolo_raw_synthetic_wound__syn_wound_0049.png,yolo_processed,SYNTHETIC,6439e844b70b87e92aac70808abde5d7423dcc276fb13032f8eaceb72fd9874c
yolo_raw_synthetic_wound__syn_wound_0053,train,cut,data/datasets/efficientnet_with_normal/images/cut_yolo_raw_synthetic_wound__syn_wound_0053.png,yolo_processed,SYNTHETIC,5d4473b7d1ad336dd11a142a0a49dc573d3624780947a8c55b4083bbb7953c4e
yolo_raw_synthetic_wound__syn_wound_0054,train,cut,data/datasets/efficientnet_with_normal/images/cut_yolo_raw_synthetic_wound__syn_wound_0054.png,yolo_processed,SYNTHETIC,25b6df0cfce239fd22204a3440f3e71f329cf507f4f0795b7846f402eac224be
yolo_raw_synthetic_wound__syn_wound_0059,test,cut,data/datasets/efficientnet_with_normal/images/cut_yolo_raw_synthetic_wound__syn_wound_0059.png,yolo_processed,SYNTHETIC,10033995ada753b4c339d69eec4116f5a17bc483a333c2f8a32d90377ae83dd6
yolo_raw_synthetic_wound__syn_wound_0062,train,cut,data/datasets/efficientnet_with_normal/images/cut_yolo_raw_synthetic_wound__syn_wound_0062.png,yolo_processed,SYNTHETIC,4c22d3d2478d227ef73c1bd65eb1c9958c52495c2bb1395bf65147716f2067ff
yolo_raw_synthetic_wound__syn_wound_0063,train,cut,data/datasets/efficientnet_with_normal/images/cut_yolo_raw_synthetic_wound__syn_wound_0063.png,yolo_processed,SYNTHETIC,11833cf105ff63d90667abac88b336b7ca63930ae2c9db448897440250dd11d2
yolo_raw_synthetic_wound__syn_wound_0064,train,cut,data/datasets/efficientnet_with_normal/images/cut_yolo_raw_synthetic_wound__syn_wound_0064.png,yolo_processed,SYNTHETIC,022bb96f713332433b261391cfdde7b74b517dbaa98deae012e20dde67c008a5
yolo_raw_synthetic_wound__syn_wound_0066,val,cut,data/datasets/efficientnet_with_normal/images/cut_yolo_raw_synthetic_wound__syn_wound_0066.png,yolo_processed,SYNTHETIC,b0e6f46b5396e49ce83f7eb2559f5950b31efbf4565e6014169bb2ae4c960742
yolo_raw_synthetic_wound__syn_wound_0072,val,cut,data/datasets/efficientnet_with_normal/images/cut_yolo_raw_synthetic_wound__syn_wound_0072.png,yolo_processed,SYNTHETIC,64bbc2d64491927b41e5bdb641d42120df4c36428cb0b07c6cbafcec7c112abc
yolo_raw_synthetic_wound__syn_wound_0078,train,cut,data/datasets/efficientnet_with_normal/images/cut_yolo_raw_synthetic_wound__syn_wound_0078.png,yolo_processed,SYNTHETIC,a29a37c468ac073201099fb6ab8887431584d5f10bd1d68548b3376ed88d8c54
yolo_raw_synthetic_wound__syn_wound_0084,test,cut,data/datasets/efficientnet_with_normal/images/cut_yolo_raw_synthetic_wound__syn_wound_0084.png,yolo_processed,SYNTHETIC,0781e94345a7e98ac07646fba176547bb89b108ed787d2fc34af4bc7a9f11b39
yolo_raw_synthetic_wound__syn_wound_0098,train,cut,data/datasets/efficientnet_with_normal/images/cut_yolo_raw_synthetic_wound__syn_wound_0098.png,yolo_processed,SYNTHETIC,6fb3da2e702a48f62a3f94358c778c56e69edd8504a2d373411934af7e849733
yolo_raw_synthetic_wound__syn_wound_0101,train,cut,data/datasets/efficientnet_with_normal/images/cut_yolo_raw_synthetic_wound__syn_wound_0101.png,yolo_processed,SYNTHETIC,25a2333cbcb4bb9162555d6b25d216796a08ae08745e4593e76ad319d9163db5
yolo_raw_synthetic_wound__syn_wound_0103,val,cut,data/datasets/efficientnet_with_normal/images/cut_yolo_raw_synthetic_wound__syn_wound_0103.png,yolo_processed,SYNTHETIC,a1d1ca0d3df9f04b919bffa1738f2c345902f8804808334e085e92ce73d215f8
yolo_raw_synthetic_wound__syn_wound_0104,train,cut,data/datasets/efficientnet_with_normal/images/cut_yolo_raw_synthetic_wound__syn_wound_0104.png,yolo_processed,SYNTHETIC,395a1e63f4cb76d0c93c1fb9c60b04dda7bbc0caecdde07f4e30c378eeccc758
yolo_raw_synthetic_wound__syn_wound_0110,val,cut,data/datasets/efficientnet_with_normal/images/cut_yolo_raw_synthetic_wound__syn_wound_0110.png,yolo_processed,SYNTHETIC,3be5f5a00c0abc9e98585c304fc5331ce739c7d0207ed81f3932307eb198498a
yolo_raw_synthetic_wound__syn_wound_0113,train,cut,data/datasets/efficientnet_with_normal/images/cut_yolo_raw_synthetic_wound__syn_wound_0113.png,yolo_processed,SYNTHETIC,9bbd9a2b96d96a8c3262e4bcc1db9296abc7cc4823db18ef34c7f95b001be039
yolo_raw_synthetic_wound__syn_wound_0114,train,cut,data/datasets/efficientnet_with_normal/images/cut_yolo_raw_synthetic_wound__syn_wound_0114.png,yolo_processed,SYNTHETIC,5a3165f7ebc5683e8b0fd747043da653d88e146c0f95304e890026325c844761
yolo_raw_synthetic_wound__syn_wound_0115,test,cut,data/datasets/efficientnet_with_normal/images/cut_yolo_raw_synthetic_wound__syn_wound_0115.png,yolo_processed,SYNTHETIC,1ae2d5140dfc55c9e6e001e35f375830103c41c4b021f5328da19d21e2f01430
yolo_raw_synthetic_wound__syn_wound_0116,train,cut,data/datasets/efficientnet_with_normal/images/cut_yolo_raw_synthetic_wound__syn_wound_0116.png,yolo_processed,SYNTHETIC,98b33d9883d37e059404864c8663d3a5b70cf067609e38d8a301e5d01c70e424
yolo_raw_synthetic_wound__syn_wound_0117,train,cut,data/datasets/efficientnet_with_normal/images/cut_yolo_raw_synthetic_wound__syn_wound_0117.png,yolo_processed,SYNTHETIC,2378823d2114bb93714e6d00d1a8a80566c4c188e6aacc586e868fbfc5777b8e
yolo_raw_synthetic_wound__syn_wound_0126,test,cut,data/datasets/efficientnet_with_normal/images/cut_yolo_raw_synthetic_wound__syn_wound_0126.png,yolo_processed,SYNTHETIC,94d0eff1d3cff20c3813888c3932a7d80ef3515b19513e974e0246d35caf6d39
yolo_raw_synthetic_wound__syn_wound_0148,test,cut,data/datasets/efficientnet_with_normal/images/cut_yolo_raw_synthetic_wound__syn_wound_0148.png,yolo_processed,SYNTHETIC,3eb65bad0545c7445dd8799c98745839f5ebc6e6c0253269fa8a8f6916145290
yolo_raw_synthetic_wound__syn_wound_0157,train,cut,data/datasets/efficientnet_with_normal/images/cut_yolo_raw_synthetic_wound__syn_wound_0157.png,yolo_processed,SYNTHETIC,7161316c32923c1e5bf4236fcd461223cd4ccad4106ebeb915764bcc9e61252c
yolo_raw_synthetic_wound__syn_wound_0164,train,cut,data/datasets/efficientnet_with_normal/images/cut_yolo_raw_synthetic_wound__syn_wound_0164.png,yolo_processed,SYNTHETIC,8a3c2cca79efcf52e80ff56e15eda103d95c106cad360616eb94e2bae60a3073
yolo_raw_synthetic_wound__syn_wound_0170,val,cut,data/datasets/efficientnet_with_normal/images/cut_yolo_raw_synthetic_wound__syn_wound_0170.png,yolo_processed,SYNTHETIC,a780473470fff5928ea5134e41126d3e151afa588a1c5a786cb903c56bd7f8e5
yolo_raw_synthetic_wound__syn_wound_0173,test,cut,data/datasets/efficientnet_with_normal/images/cut_yolo_raw_synthetic_wound__syn_wound_0173.png,yolo_processed,SYNTHETIC,3fe10bf669db7df3ac3c7db4ed78f0ae4ea11cee87b9834bd62fddec8619cf68
yolo_raw_synthetic_wound__syn_wound_0179,train,cut,data/datasets/efficientnet_with_normal/images/cut_yolo_raw_synthetic_wound__syn_wound_0179.png,yolo_processed,SYNTHETIC,22354de9f1781dcb4fd52ebf4a19e69f7774781269c6d27853b86fa0355f2f9d
yolo_raw_synthetic_wound__syn_wound_0183,val,cut,data/datasets/efficientnet_with_normal/images/cut_yolo_raw_synthetic_wound__syn_wound_0183.png,yolo_processed,SYNTHETIC,00a3883595de0d1c41ef5a44e475b6f6f916833a8f457d5654a357fe03ad5bde
yolo_raw_synthetic_wound__syn_wound_0186,train,cut,data/datasets/efficientnet_with_normal/images/cut_yolo_raw_synthetic_wound__syn_wound_0186.png,yolo_processed,SYNTHETIC,41773ba80a58ee6c4b661b03c32d8b8432edc2a3e133c5df873b7487f7014add
yolo_raw_synthetic_wound__syn_wound_0187,train,cut,data/datasets/efficientnet_with_normal/images/cut_yolo_raw_synthetic_wound__syn_wound_0187.png,yolo_processed,SYNTHETIC,311c4b2e5aa98b75198bb4bbc891f3b9ec87254e28bcb9b35717d8da0fc52461
yolo_raw_synthetic_wound__syn_wound_0199,test,cut,data/datasets/efficientnet_with_normal/images/cut_yolo_raw_synthetic_wound__syn_wound_0199.png,yolo_processed,SYNTHETIC,0260db7d6421469444df650e19787fa966498b736e090512075c30ac59e9fee6
yolo_raw_synthetic_wound__syn_wound_0211,train,cut,data/datasets/efficientnet_with_normal/images/cut_yolo_raw_synthetic_wound__syn_wound_0211.png,yolo_processed,SYNTHETIC,a676dfeae7aaf7f6ac947305ed4dfd13394d1870af7c360018311d93f66321a3
yolo_raw_synthetic_wound__syn_wound_0213,train,cut,data/datasets/efficientnet_with_normal/images/cut_yolo_raw_synthetic_wound__syn_wound_0213.png,yolo_processed,SYNTHETIC,921f43a5959736f3c052af0ada0c277d465a1d805e64fd2a7747f677055c86f3
yolo_raw_synthetic_wound__syn_wound_0001,val,bruise,data/datasets/efficientnet_with_normal/images/bruise_yolo_raw_synthetic_wound__syn_wound_0001.png,yolo_processed,SYNTHETIC,bd773b45fe4e5c167863263c66a45d2eab6ca9a64eb7420a64837c2ee3e7fd51
yolo_raw_synthetic_wound__syn_wound_0028,train,bruise,data/datasets/efficientnet_with_normal/images/bruise_yolo_raw_synthetic_wound__syn_wound_0028.png,yolo_processed,SYNTHETIC,bd8ce6389ca27f4250f97bd3075ba91c72c7b578614a4fd39a8cf1433300db56
yolo_raw_synthetic_wound__syn_wound_0037,val,bruise,data/datasets/efficientnet_with_normal/images/bruise_yolo_raw_synthetic_wound__syn_wound_0037.png,yolo_processed,SYNTHETIC,c69af37313f44f89e471e11d41d6044f87d5e709773afbc858a3f1d944f05018
yolo_raw_synthetic_wound__syn_wound_0047,train,bruise,data/datasets/efficientnet_with_normal/images/bruise_yolo_raw_synthetic_wound__syn_wound_0047.png,yolo_processed,SYNTHETIC,cdab64279e5fa18e04a1f9845c3250d4c3e0bb753cc8073ff24d8c91d7df2763
yolo_raw_synthetic_wound__syn_wound_0075,train,bruise,data/datasets/efficientnet_with_normal/images/bruise_yolo_raw_synthetic_wound__syn_wound_0075.png,yolo_processed,SYNTHETIC,c6098a8f6d62764353ed69be682ad701e11dd140c2b6c8f4f86c832e74f6a246
yolo_raw_synthetic_wound__syn_wound_0080,train,bruise,data/datasets/efficientnet_with_normal/images/bruise_yolo_raw_synthetic_wound__syn_wound_0080.png,yolo_processed,SYNTHETIC,bc353164077c9729eb3d5af702b16f1c101093eae9e8ba853dd7a475263f7c09
yolo_raw_synthetic_wound__syn_wound_0128,train,bruise,data/datasets/efficientnet_with_normal/images/bruise_yolo_raw_synthetic_wound__syn_wound_0128.png,yolo_processed,SYNTHETIC,c4146475dbcc02cfe9ca5d8aecd1c501f33c748b905197d8f96c87865544c426
yolo_raw_synthetic_wound__syn_wound_0163,train,bruise,data/datasets/efficientnet_with_normal/images/bruise_yolo_raw_synthetic_wound__syn_wound_0163.png,yolo_processed,SYNTHETIC,cd8c027d07ad5141421b46f4f2538b96edd33f0f72652e2ff75016c25907577f
yolo_raw_synthetic_wound__syn_wound_0167,train,bruise,data/datasets/efficientnet_with_normal/images/bruise_yolo_raw_synthetic_wound__syn_wound_0167.png,yolo_processed,SYNTHETIC,d1bdff6c691cd1c31a4ff373c4dea67e6aaab59ef21db4ab7000e2c8786785fc
yolo_yolo_real_wound__public_sample_0002,test,bruise,data/datasets/efficientnet_with_normal/images/bruise_yolo_yolo_real_wound__public_sample_0002.png,yolo_processed,SYNTHETIC,b5b1eaa164eed94f775a3402658434e6e6c0fa5b4e2f38aa2cfbd8d81f00a88c
yolo_raw_synthetic_wound__syn_wound_0004,train,cut,data/datasets/efficientnet_with_normal/images/cut_yolo_raw_synthetic_wound__syn_wound_0004.png,yolo_processed,SYNTHETIC,c33141291e1768f503b9e2fe7a06b48cf14e8e562b599ec2a7186d7facfc0d4c
yolo_raw_synthetic_wound__syn_wound_0030,train,cut,data/datasets/efficientnet_with_normal/images/cut_yolo_raw_synthetic_wound__syn_wound_0030.png,yolo_processed,SYNTHETIC,db76567577e831aef50b64182ed67873d0d375512cdac752a022b64cea3cefed
yolo_raw_synthetic_wound__syn_wound_0033,train,cut,data/datasets/efficientnet_with_normal/images/cut_yolo_raw_synthetic_wound__syn_wound_0033.png,yolo_processed,SYNTHETIC,b4c3a1cf3c534e2deaf245133fbc1d5bf9352c481770a1b83b0c5f040ae608ed
yolo_raw_synthetic_wound__syn_wound_0071,train,cut,data/datasets/efficientnet_with_normal/images/cut_yolo_raw_synthetic_wound__syn_wound_0071.png,yolo_processed,SYNTHETIC,b2b5a924228286812f829e5279fe23d928f9d8b4d94bd9306c0188a7ed695f40
yolo_raw_synthetic_wound__syn_wound_0081,train,cut,data/datasets/efficientnet_with_normal/images/cut_yolo_raw_synthetic_wound__syn_wound_0081.png,yolo_processed,SYNTHETIC,b3fde7c8d8572414c90d8899fa1f5b7549a1bfe5f4a7dfa92d07176e9f73b030
yolo_raw_synthetic_wound__syn_wound_0133,val,cut,data/datasets/efficientnet_with_normal/images/cut_yolo_raw_synthetic_wound__syn_wound_0133.png,yolo_processed,SYNTHETIC,c4d8df976c4f8b2860c974459ff430936961a18a4a3c9621faf93b4d89445b9c
yolo_raw_synthetic_wound__syn_wound_0134,train,cut,data/datasets/efficientnet_with_normal/images/cut_yolo_raw_synthetic_wound__syn_wound_0134.png,yolo_processed,SYNTHETIC,c2e2ba7f1bdd50112f38e8549fb1eb695142bb925dd5cd72edf29ce9fa684a93
yolo_raw_synthetic_wound__syn_wound_0145,train,cut,data/datasets/efficientnet_with_normal/images/cut_yolo_raw_synthetic_wound__syn_wound_0145.png,yolo_processed,SYNTHETIC,e2124a63ae2184963710fba1bd66e5ec55c803ec6d2c4dc4dc0d2bc6599cba79
yolo_raw_synthetic_wound__syn_wound_0202,val,cut,data/datasets/efficientnet_with_normal/images/cut_yolo_raw_synthetic_wound__syn_wound_0202.png,yolo_processed,SYNTHETIC,b6cd253278e1f1391871f0e1df5f731c927e1caec12acf24bca9037c8c2604fd
normal_black_0,train,normal,data/datasets/efficientnet_with_normal/images/normal_black_0.png,synthetic_reject,SYNTHETIC_REJECT,68445da152a95b73515db5a725340d88e0753617b0066c3ca7f520fa214962c1
normal_white_0,train,normal,data/datasets/efficientnet_with_normal/images/normal_white_0.png,synthetic_reject,SYNTHETIC_REJECT,155bde26004e84abb5d847913c172d6c3dd074e80b733d88b22353c0fb1eb676
normal_gray_0,train,normal,data/datasets/efficientnet_with_normal/images/normal_gray_0.png,synthetic_reject,SYNTHETIC_REJECT,e78eba146e4c05bfe7e6485382b306aea522fbb217ec72f560a60c47e53b8c8c
normal_skin_0,val,normal,data/datasets/efficientnet_with_normal/images/normal_skin_0.png,synthetic_reject,SYNTHETIC_REJECT,8ee7871cab14ccb91af22a0c8f794e0ce793ec01e8f275a9c7de0fcb39c9c22c
normal_noise_0,train,normal,data/datasets/efficientnet_with_normal/images/normal_noise_0.png,synthetic_reject,SYNTHETIC_REJECT,61e4a3aad3ac1a95b7dadaf38ca5f21c360f7a1febcf5a5a2d6f00b222c6b24a
normal_blue_0,train,normal,data/datasets/efficientnet_with_normal/images/normal_blue_0.png,synthetic_reject,SYNTHETIC_REJECT,17829a55a9240da72aeb329d17e47a69b6aeab025c79514e66598fa31d92c964
normal_gray_1,train,normal,data/datasets/efficientnet_with_normal/images/normal_gray_1.png,synthetic_reject,SYNTHETIC_REJECT,2d9644c071621579f36448074ac115ef135bfa01793acb83a843dfbe71fb903a
normal_skin_1,train,normal,data/datasets/efficientnet_with_normal/images/normal_skin_1.png,synthetic_reject,SYNTHETIC_REJECT,849fa9293b14df64400caf735eece89d2834c32c9b3adcb9916b1b18dcb22547
normal_noise_1,train,normal,data/datasets/efficientnet_with_normal/images/normal_noise_1.png,synthetic_reject,SYNTHETIC_REJECT,cad1b7ed2d0fb419842b85e0b76814ae2af34888086111d913531a5701306a99
normal_blue_1,train,normal,data/datasets/efficientnet_with_normal/images/normal_blue_1.png,synthetic_reject,SYNTHETIC_REJECT,7961c2c332abd0d2f9ef400e3e38e06b452879de91d6276d5e04bb4df6c2b4d1
normal_gray_2,train,normal,data/datasets/efficientnet_with_normal/images/normal_gray_2.png,synthetic_reject,SYNTHETIC_REJECT,7f1fdbc2b2f826d3c078823f3475437ad3156ba58be02fa9db7b0e681cf66171
normal_skin_2,train,normal,data/datasets/efficientnet_with_normal/images/normal_skin_2.png,synthetic_reject,SYNTHETIC_REJECT,0c7974a33e727ac51754baa6a01316f94a9a81732995df04688fa049d91a09a6
normal_noise_2,val,normal,data/datasets/efficientnet_with_normal/images/normal_noise_2.png,synthetic_reject,SYNTHETIC_REJECT,57ed62a69dbae62507a8378692e109a588919ca9a6e284366e696364866a2539
normal_blue_2,test,normal,data/datasets/efficientnet_with_normal/images/normal_blue_2.png,synthetic_reject,SYNTHETIC_REJECT,9d8a2a2791a44a03017d734d879a3e8a208b1cea13681bf8d9ae819201c1466f
normal_gray_3,train,normal,data/datasets/efficientnet_with_normal/images/normal_gray_3.png,synthetic_reject,SYNTHETIC_REJECT,51cc53d39f8250419baf97a6e6367746a040917b9f883e5e022d50ef9d24b29f
normal_skin_3,test,normal,data/datasets/efficientnet_with_normal/images/normal_skin_3.png,synthetic_reject,SYNTHETIC_REJECT,2f7212804a7e5d86bfee37dc23cd9cc1d69eab1938ec1223d11527c5b92b7de5
normal_noise_3,val,normal,data/datasets/efficientnet_with_normal/images/normal_noise_3.png,synthetic_reject,SYNTHETIC_REJECT,44e410e6f325e8190453bd398e77e711496d15c2b0e08c69b60a9f41be83836c
normal_blue_3,train,normal,data/datasets/efficientnet_with_normal/images/normal_blue_3.png,synthetic_reject,SYNTHETIC_REJECT,f5b51cd21e68b3715be120a7395d76dd3f03fad0f2366f77de420db6c0b8e5a9
normal_gray_4,train,normal,data/datasets/efficientnet_with_normal/images/normal_gray_4.png,synthetic_reject,SYNTHETIC_REJECT,079d4143f50c78399b470604684778a6083f2f87b5148b2c4b9b21e35746056a
normal_skin_4,test,normal,data/datasets/efficientnet_with_normal/images/normal_skin_4.png,synthetic_reject,SYNTHETIC_REJECT,2e8558f33d73a997c97eded51c0b0064297c23a8adcca73564140f56a43dc7bd
normal_noise_4,train,normal,data/datasets/efficientnet_with_normal/images/normal_noise_4.png,synthetic_reject,SYNTHETIC_REJECT,39729cbc69e4abf0fd3e6737366cf168eeec5b3f79834b513d072cdba7dabb8b
normal_blue_4,train,normal,data/datasets/efficientnet_with_normal/images/normal_blue_4.png,synthetic_reject,SYNTHETIC_REJECT,6d151aee044b87f3edd1e31c9b631bf256fa2d41a37fdb4d36e46591972ee13a
normal_gray_5,train,normal,data/datasets/efficientnet_with_normal/images/normal_gray_5.png,synthetic_reject,SYNTHETIC_REJECT,5e05b5e6bfcc06c97ed2a382f4da1c650e11e2b1248475efcf42e4840c2e0141
normal_skin_5,train,normal,data/datasets/efficientnet_with_normal/images/normal_skin_5.png,synthetic_reject,SYNTHETIC_REJECT,88778aee0fca3ae49ea08d4f0e9c21103cf5152b0b8c203932a90caeede9c2a9
normal_noise_5,test,normal,data/datasets/efficientnet_with_normal/images/normal_noise_5.png,synthetic_reject,SYNTHETIC_REJECT,eb16833a2f19cea68050c1c14a992459deb0cfc61faffaf1f4460ea4bbe3b439
normal_blue_5,train,normal,data/datasets/efficientnet_with_normal/images/normal_blue_5.png,synthetic_reject,SYNTHETIC_REJECT,310a72c4774ae0c949bb2d418fd07ff06276a0bc97b46d9bae1cd545fde8485d
normal_gray_6,test,normal,data/datasets/efficientnet_with_normal/images/normal_gray_6.png,synthetic_reject,SYNTHETIC_REJECT,9c008645ac0bfb550716b01c72cffdf83d8e25b4071cda256f63af5ecc2add34
normal_skin_6,val,normal,data/datasets/efficientnet_with_normal/images/normal_skin_6.png,synthetic_reject,SYNTHETIC_REJECT,cad7c680d2191fe21c5e391ad7abc3b87a44e38f28c366d15fd0952ba7d38604
normal_noise_6,train,normal,data/datasets/efficientnet_with_normal/images/normal_noise_6.png,synthetic_reject,SYNTHETIC_REJECT,3e0a5634afa5124402b0f508449a227e8928aa32079ea61d252135448784a963
normal_blue_6,train,normal,data/datasets/efficientnet_with_normal/images/normal_blue_6.png,synthetic_reject,SYNTHETIC_REJECT,cb056568d4da90512227b67a8f8c7ca1814ca191d05b15e5ed3b7c31ab311e5e
normal_gray_7,train,normal,data/datasets/efficientnet_with_normal/images/normal_gray_7.png,synthetic_reject,SYNTHETIC_REJECT,f22fcf9ac7057692b98a29e24edf051f240521021dd6084a33e7ee6410d48e8d
normal_skin_7,train,normal,data/datasets/efficientnet_with_normal/images/normal_skin_7.png,synthetic_reject,SYNTHETIC_REJECT,5a7b702be0b23432b71fbe6e652e1c7520d253fa59c9913d07c8d3ff89cbacb5
normal_noise_7,train,normal,data/datasets/efficientnet_with_normal/images/normal_noise_7.png,synthetic_reject,SYNTHETIC_REJECT,44a90b10b395cc327377b5298f9897af022c902d19df7633a06d4752a01239fa
normal_blue_7,train,normal,data/datasets/efficientnet_with_normal/images/normal_blue_7.png,synthetic_reject,SYNTHETIC_REJECT,3e70d4e3c8f969833aaeda23526750648bdd706b98031fe69e36ddcbe69cd626
normal_gray_8,val,normal,data/datasets/efficientnet_with_normal/images/normal_gray_8.png,synthetic_reject,SYNTHETIC_REJECT,0838a933238d166d7e1843d490206508b4e37addcb72b57fe84a969ed01aca30
normal_skin_8,train,normal,data/datasets/efficientnet_with_normal/images/normal_skin_8.png,synthetic_reject,SYNTHETIC_REJECT,975e758d2ba43050f73e62b8782fcce0cf1ec62741be9e57121d3f5fc503d0ed
normal_noise_8,train,normal,data/datasets/efficientnet_with_normal/images/normal_noise_8.png,synthetic_reject,SYNTHETIC_REJECT,b59831d79f27540c89a0f123ac28bb361dd63085b28f173310ce680128bdd8ba
normal_blue_8,train,normal,data/datasets/efficientnet_with_normal/images/normal_blue_8.png,synthetic_reject,SYNTHETIC_REJECT,95aaf0ea75dbb5cf68b2e4929113ff7fac761a604cff6edbc4ef980629b8aca4
normal_gray_9,train,normal,data/datasets/efficientnet_with_normal/images/normal_gray_9.png,synthetic_reject,SYNTHETIC_REJECT,4be6d512e9e2d979df020040cb68846ba98b99d4d59d7a2f5bb5e394549961d2
normal_skin_9,train,normal,data/datasets/efficientnet_with_normal/images/normal_skin_9.png,synthetic_reject,SYNTHETIC_REJECT,40f9775f1a00e305c835a710ac73248f053a0eabb4c0e80d107cd8ee3eff16f8
normal_noise_9,test,normal,data/datasets/efficientnet_with_normal/images/normal_noise_9.png,synthetic_reject,SYNTHETIC_REJECT,3495d497da2cb897be70fd5a8a5971bceb36fb0ec7820aad7697bf4bfe9cb942
normal_blue_9,train,normal,data/datasets/efficientnet_with_normal/images/normal_blue_9.png,synthetic_reject,SYNTHETIC_REJECT,dec230be3aa27c3e568d4ee0b794eb9eea0fee5d867f8254e09838e256dfdbee
normal_gray_10,val,normal,data/datasets/efficientnet_with_normal/images/normal_gray_10.png,synthetic_reject,SYNTHETIC_REJECT,4a6ad4107de6cf7574ba6ba5dba229f3787ea00f24c382253641c32cbe1bb3a2
normal_skin_10,val,normal,data/datasets/efficientnet_with_normal/images/normal_skin_10.png,synthetic_reject,SYNTHETIC_REJECT,da7a64f572df6827305722f3e4c771ecbe9dce044a52f09e9045ebf795f5da67
normal_noise_10,test,normal,data/datasets/efficientnet_with_normal/images/normal_noise_10.png,synthetic_reject,SYNTHETIC_REJECT,e59040262ae6f0e41290b17ac9657e9f8c1a0fbfa6e8870c30a7387c973567a7
normal_blue_10,train,normal,data/datasets/efficientnet_with_normal/images/normal_blue_10.png,synthetic_reject,SYNTHETIC_REJECT,73d6615edf46c61f8eff49928b9b3f433f33825312c39da5985e4465deee3552
normal_gray_11,val,normal,data/datasets/efficientnet_with_normal/images/normal_gray_11.png,synthetic_reject,SYNTHETIC_REJECT,b9042d92a32f36f883c8f54e20a212652b269b6f51285f3e1861de5cad421d5f
normal_skin_11,train,normal,data/datasets/efficientnet_with_normal/images/normal_skin_11.png,synthetic_reject,SYNTHETIC_REJECT,61522997ae0153b1645e11a52d9c672078244b852a47bc1d9308c4f43325468c
normal_noise_11,train,normal,data/datasets/efficientnet_with_normal/images/normal_noise_11.png,synthetic_reject,SYNTHETIC_REJECT,c726dff87283ec118d8cae0114df80599e80ffe7485cca1107ff5aa0170207a5
normal_blue_11,test,normal,data/datasets/efficientnet_with_normal/images/normal_blue_11.png,synthetic_reject,SYNTHETIC_REJECT,ecd3014356d3fb64147059797e85025e3aa3bbd6a6e6be04644adb5dfb15acef
