sample_id,split,class,subject_id,image_path,source_dataset,source_path,provenance,normal_kind,pixel_sha256
yolo_raw_synthetic_wound__syn_wound_0007,test,bruise,drawing_yolo_raw_synthetic_wound__syn_wound_0007,data/datasets/efficientnet_reject_v2/images/bruise_yolo_raw_synthetic_wound__syn_wound_0007.png,yolo_processed,data/datasets/efficientnet_processed/images/train/yolo_raw_synthetic_wound__syn_wound_0007.jpg,SYNTHETIC,,6a909cf3749b2d12ef8cc7083d708811e978cf3fd78d380a940f9be622ddd58d
yolo_raw_synthetic_wound__syn_wound_0008,test,bruise,drawing_yolo_raw_synthetic_wound__syn_wound_0008,data/datasets/efficientnet_reject_v2/images/bruise_yolo_raw_synthetic_wound__syn_wound_0008.png,yolo_processed,data/datasets/efficientnet_processed/images/test/yolo_raw_synthetic_wound__syn_wound_0008.jpg,SYNTHETIC,,ff7af743d0632bfc6b83e790379c882ce5a7882dcb4aa927f4d70b907284912e
yolo_raw_synthetic_wound__syn_wound_0091,test,bruise,drawing_yolo_raw_synthetic_wound__syn_wound_0091,data/datasets/efficientnet_reject_v2/images/bruise_yolo_raw_synthetic_wound__syn_wound_0091.png,yolo_processed,data/datasets/efficientnet_processed/images/train/yolo_raw_synthetic_wound__syn_wound_0091.jpg,SYNTHETIC,,37a040cfc0dfd3a4b71ff4c19b4cad54ded0e774c14bc6d7c91bafe7072f9c15
yolo_raw_synthetic_wound__syn_wound_0109,test,bruise,drawing_yolo_raw_synthetic_wound__syn_wound_0109,data/datasets/efficientnet_reject_v2/images/bruise_yolo_raw_synthetic_wound__syn_wound_0109.png,yolo_processed,data/datasets/efficientnet_processed/images/test/yolo_raw_synthetic_wound__syn_wound_0109.jpg,SYNTHETIC,,d72cae4e9aa483c552679ee8a48e1bcdd8f3a91cfe82d20c88b0d21f5153b77d
yolo_raw_synthetic_wound__syn_wound_0120,test,bruise,drawing_yolo_raw_synthetic_wound__syn_wound_0120,data/datasets/efficientnet_reject_v2/images/bruise_yolo_raw_synthetic_wound__syn_wound_0120.png,yolo_processed,data/datasets/efficientnet_processed/images/train/yolo_raw_synthetic_wound__syn_wound_0120.jpg,SYNTHETIC,,57095cfc3410f9ca31732d41597d03b6f423403e0b6efe0b7441221af19be614
yolo_raw_synthetic_wound__syn_wound_0136,test,bruise,drawing_yolo_raw_synthetic_wound__syn_wound_0136,data/datasets/efficientnet_reject_v2/images/bruise_yolo_raw_synthetic_wound__syn_wound_0136.png,yolo_processed,data/datasets/efficientnet_processed/images/train/yolo_raw_synthetic_wound__syn_wound_0136.jpg,SYNTHETIC,,3a4dbd65c84938706d553a87537cf75f24225c15233c18caeeaeaa1edd67f44f
yolo_raw_synthetic_wound__syn_wound_0161,test,bruise,drawing_yolo_raw_synthetic_wound__syn_wound_0161,data/datasets/efficientnet_reject_v2/images/bruise_yolo_raw_synthetic_wound__syn_wound_0161.png,yolo_processed,data/datasets/efficientnet_processed/images/train/yolo_raw_synthetic_wound__syn_wound_0161.jpg,SYNTHETIC,,2011dbcdc9edcecd17db6c78f343cf50e4318dacf0f4f66505ed8089bf6f6463
yolo_raw_synthetic_wound__syn_wound_0218,test,bruise,drawing_yolo_raw_synthetic_wound__syn_wound_0218,data/datasets/efficientnet_reject_v2/images/bruise_yolo_raw_synthetic_wound__syn_wound_0218.png,yolo_processed,data/datasets/efficientnet_processed/images/train/yolo_raw_synthetic_wound__syn_wound_0218.jpg,SYNTHETIC,,af89df1907e354b95de0c09fc268ce623ab011305f4e80fd0217a3cfb264d4a5
yolo_raw_synthetic_wound__syn_wound_neardup,test,bruise,drawing_yolo_raw_synthetic_wound__syn_wound_neardup,data/datasets/efficientnet_reject_v2/images/bruise_yolo_raw_synthetic_wound__syn_wound_neardup.png,yolo_processed,data/datasets/efficientnet_processed/images/train/yolo_raw_synthetic_wound__syn_wound_neardup.jpg,SYNTHETIC,,66161c4de0992abfedd2633ab8141d0f6c7bb99d4aec80428c1a480a1f7132db
yolo_yolo_real_wound__public_sample_0002,test,bruise,drawing_yolo_yolo_real_wound__public_sample_0002,data/datasets/efficientnet_reject_v2/images/bruise_yolo_yolo_real_wound__public_sample_0002.png,yolo_processed,data/datasets/efficientnet_processed/images/val/yolo_yolo_real_wound__public_sample_0002.jpg,SYNTHETIC,,b5b1eaa164eed94f775a3402658434e6e6c0fa5b4e2f38aa2cfbd8d81f00a88c
yolo_raw_synthetic_wound__syn_wound_0006,test,cut,drawing_yolo_raw_synthetic_wound__syn_wound_0006,data/datasets/efficientnet_reject_v2/images/cut_yolo_raw_synthetic_wound__syn_wound_0006.png,yolo_processed,data/datasets/efficientnet_processed/images/train/yolo_raw_synthetic_wound__syn_wound_0006.jpg,SYNTHETIC,,277714de5ed0995331109d02b7eb27a9f8a2a9ced8943590c1de89fbaa0a49e0
yolo_raw_synthetic_wound__syn_wound_0011,test,cut,drawing_yolo_raw_synthetic_wound__syn_wound_0011,data/datasets/efficientnet_reject_v2/images/cut_yolo_raw_synthetic_wound__syn_wound_0011.png,yolo_processed,data/datasets/efficientnet_processed/images/train/yolo_raw_synthetic_wound__syn_wound_0011.jpg,SYNTHETIC,,a6400be4ade86ca20dcb216fb118facb0aaffa1f41e9a6117936661225551eba
yolo_raw_synthetic_wound__syn_wound_0059,test,cut,drawing_yolo_raw_synthetic_wound__syn_wound_0059,data/datasets/efficientnet_reject_v2/images/cut_yolo_raw_synthetic_wound__syn_wound_0059.png,yolo_processed,data/datasets/efficientnet_processed/images/train/yolo_raw_synthetic_wound__syn_wound_0059.jpg,SYNTHETIC,,10033995ada753b4c339d69eec4116f5a17bc483a333c2f8a32d90377ae83dd6
yolo_raw_synthetic_wound__syn_wound_0084,test,cut,drawing_yolo_raw_synthetic_wound__syn_wound_0084,data/datasets/efficientnet_reject_v2/images/cut_yolo_raw_synthetic_wound__syn_wound_0084.png,yolo_processed,data/datasets/efficientnet_processed/images/train/yolo_raw_synthetic_wound__syn_wound_0084.jpg,SYNTHETIC,,0781e94345a7e98ac07646fba176547bb89b108ed787d2fc34af4bc7a9f11b39
yolo_raw_synthetic_wound__syn_wound_0115,test,cut,drawing_yolo_raw_synthetic_wound__syn_wound_0115,data/datasets/efficientnet_reject_v2/images/cut_yolo_raw_synthetic_wound__syn_wound_0115.png,yolo_processed,data/datasets/efficientnet_processed/images/train/yolo_raw_synthetic_wound__syn_wound_0115.jpg,SYNTHETIC,,1ae2d5140dfc55c9e6e001e35f375830103c41c4b021f5328da19d21e2f01430
yolo_raw_synthetic_wound__syn_wound_0126,test,cut,drawing_yolo_raw_synthetic_wound__syn_wound_0126,data/datasets/efficientnet_reject_v2/images/cut_yolo_raw_synthetic_wound__syn_wound_0126.png,yolo_processed,data/datasets/efficientnet_processed/images/train/yolo_raw_synthetic_wound__syn_wound_0126.jpg,SYNTHETIC,,94d0eff1d3cff20c3813888c3932a7d80ef3515b19513e974e0246d35caf6d39
yolo_raw_synthetic_wound__syn_wound_0148,test,cut,drawing_yolo_raw_synthetic_wound__syn_wound_0148,data/datasets/efficientnet_reject_v2/images/cut_yolo_raw_synthetic_wound__syn_wound_0148.png,yolo_processed,data/datasets/efficientnet_processed/images/train/yolo_raw_synthetic_wound__syn_wound_0148.jpg,SYNTHETIC,,3eb65bad0545c7445dd8799c98745839f5ebc6e6c0253269fa8a8f6916145290
yolo_raw_synthetic_wound__syn_wound_0173,test,cut,drawing_yolo_raw_synthetic_wound__syn_wound_0173,data/datasets/efficientnet_reject_v2/images/cut_yolo_raw_synthetic_wound__syn_wound_0173.png,yolo_processed,data/datasets/efficientnet_processed/images/train/yolo_raw_synthetic_wound__syn_wound_0173.jpg,SYNTHETIC,,3fe10bf669db7df3ac3c7db4ed78f0ae4ea11cee87b9834bd62fddec8619cf68
yolo_raw_synthetic_wound__syn_wound_0199,test,cut,drawing_yolo_raw_synthetic_wound__syn_wound_0199,data/datasets/efficientnet_reject_v2/images/cut_yolo_raw_synthetic_wound__syn_wound_0199.png,yolo_processed,data/datasets/efficientnet_processed/images/train/yolo_raw_synthetic_wound__syn_wound_0199.jpg,SYNTHETIC,,0260db7d6421469444df650e19787fa966498b736e090512075c30ac59e9fee6
normal_azh_patches_00be2ad4736f6657b767683186615f3f_0007,test,normal,azh_patches:00be2ad4736f6657b767683186615f3f,data/datasets/efficientnet_reject_v2/images/normal_azh_patches_00be2ad4736f6657b767683186615f3f_0007.png,azh_patches,data/datasets/external/azh_patches/train/images/00be2ad4736f6657b767683186615f3f_0.png,PUBLIC_REAL_PHOTOS,empty_region_crop,b79c00a7d288c5fdd7c54cd658ae6a39bde2fd8925400375775ca0d021125c72
normal_azh_patches_03a29338d44c41efd1856034029cb9cb_0008,test,normal,azh_patches:03a29338d44c41efd1856034029cb9cb,data/datasets/efficientnet_reject_v2/images/normal_azh_patches_03a29338d44c41efd1856034029cb9cb_0008.png,azh_patches,data/datasets/external/azh_patches/train/images/03a29338d44c41efd1856034029cb9cb_0.png,PUBLIC_REAL_PHOTOS,empty_region_crop,9bd7e5d71d76ea30bc2bec387f3851b534409a2b98c123d717f07c03c5a1fb7b
normal_azh_patches_1636f83a5221bc82ca5083fbe9dcaee5_0003,test,normal,azh_patches:1636f83a5221bc82ca5083fbe9dcaee5,data/datasets/efficientnet_reject_v2/images/normal_azh_patches_1636f83a5221bc82ca5083fbe9dcaee5_0003.png,azh_patches,data/datasets/external/azh_patches/train/images/1636f83a5221bc82ca5083fbe9dcaee5_0.png,PUBLIC_REAL_PHOTOS,empty_mask_patch,f1963bb1eea1f2b0df56bad758cc0a742c068c295089153145a2e108335ff43a
ood_reject_noise_10_024,test,ood_reject,ood_reject:noise_10,data/datasets/efficientnet_reject_v2/images/ood_reject_noise_10_024.png,synthetic_ood_reject_v2,ood_reject_noise_10_024,SYNTHETIC_OOD_REJECT,ood_reject_canvas,197cc7aaebf8ad23a165e38e9f61a7afc4b3d4fd642473df2af1d95c60cc4e13
ood_reject_noise_13_027,test,ood_reject,ood_reject:noise_13,data/datasets/efficientnet_reject_v2/images/ood_reject_noise_13_027.png,synthetic_ood_reject_v2,ood_reject_noise_13_027,SYNTHETIC_OOD_REJECT,ood_reject_canvas,4f1adfe4693e2bedb2efb9655e3ba07299c8f8eb9e91baa65eb71fb57a1d3e69
ood_reject_noise_21_035,test,ood_reject,ood_reject:noise_21,data/datasets/efficientnet_reject_v2/images/ood_reject_noise_21_035.png,synthetic_ood_reject_v2,ood_reject_noise_21_035,SYNTHETIC_OOD_REJECT,ood_reject_canvas,499e1ba6caa1f11a1262398796c81ad9232a5f2eb4b03bf3d6dea8ddaf02b3d6
ood_reject_noise_3_017,test,ood_reject,ood_reject:noise_3,data/datasets/efficientnet_reject_v2/images/ood_reject_noise_3_017.png,synthetic_ood_reject_v2,ood_reject_noise_3_017,SYNTHETIC_OOD_REJECT,ood_reject_canvas,2d219522fc05c14dc8f4cb84149e7331be5ab84345be8e44c87e79fb3e4804a2
ood_reject_noisy_gray_6_044,test,ood_reject,ood_reject:noisy_gray_6,data/datasets/efficientnet_reject_v2/images/ood_reject_noisy_gray_6_044.png,synthetic_ood_reject_v2,ood_reject_noisy_gray_6_044,SYNTHETIC_OOD_REJECT,ood_reject_canvas,8c4470a7487f5c8aeb351d3c91703dc98e8cc53567adf5f163e9dc6301c4254e
ood_reject_noisy_gray_7_045,test,ood_reject,ood_reject:noisy_gray_7,data/datasets/efficientnet_reject_v2/images/ood_reject_noisy_gray_7_045.png,synthetic_ood_reject_v2,ood_reject_noisy_gray_7_045,SYNTHETIC_OOD_REJECT,ood_reject_canvas,28058198e0087900c1a16e283e13431c61c2bf20a609f45dd5c5af7b58dd1fb2
injury_sample_0002,train,bruise,drawing_injury_sample_0002,data/datasets/efficientnet_reject_v2/images/bruise_injury_sample_0002.png,injury_dataset,data/datasets/efficientnet_processed/images/train/injury_sample_0002.jpg,SYNTHETIC,,34f64ba8d94f4e4cdfd207fb08ee5c2e5176b6a9f9859d54357eb4c4657f3409
yolo_raw_synthetic_wound__syn_wound_0005,train,bruise,drawing_yolo_raw_synthetic_wound__syn_wound_0005,data/datasets/efficientnet_reject_v2/images/bruise_yolo_raw_synthetic_wound__syn_wound_0005.png,yolo_processed,data/datasets/efficientnet_processed/images/test/yolo_raw_synthetic_wound__syn_wound_0005.jpg,SYNTHETIC,,fe3afd7ec0b85042da1c11f2985f1f6fcbd99851aea29c6e872819db08dab1ed
yolo_raw_synthetic_wound__syn_wound_0012,train,bruise,drawing_yolo_raw_synthetic_wound__syn_wound_0012,data/datasets/efficientnet_reject_v2/images/bruise_yolo_raw_synthetic_wound__syn_wound_0012.png,yolo_processed,data/datasets/efficientnet_processed/images/train/yolo_raw_synthetic_wound__syn_wound_0012.jpg,SYNTHETIC,,9b6ccf23860a926d4babfa9d1c9e20c120d96bf9581d4acbf816c21eea1a155f
yolo_raw_synthetic_wound__syn_wound_0017,train,bruise,drawing_yolo_raw_synthetic_wound__syn_wound_0017,data/datasets/efficientnet_reject_v2/images/bruise_yolo_raw_synthetic_wound__syn_wound_0017.png,yolo_processed,data/datasets/efficientnet_processed/images/train/yolo_raw_synthetic_wound__syn_wound_0017.jpg,SYNTHETIC,,35778770cbee75a6e9f64bd9087296679d3b6611d2e2d02100c7cd38c6ddcf38
yolo_raw_synthetic_wound__syn_wound_0023,train,bruise,drawing_yolo_raw_synthetic_wound__syn_wound_0023,data/datasets/efficientnet_reject_v2/images/bruise_yolo_raw_synthetic_wound__syn_wound_0023.png,yolo_processed,data/datasets/efficientnet_processed/images/test/yolo_raw_synthetic_wound__syn_wound_0023.jpg,SYNTHETIC,,dca6bf88146600b7120b7828b22e574b4e3bebe247d4b2e0ab99a4622160a3c8
yolo_raw_synthetic_wound__syn_wound_0027,train,bruise,drawing_yolo_raw_synthetic_wound__syn_wound_0027,data/datasets/efficientnet_reject_v2/images/bruise_yolo_raw_synthetic_wound__syn_wound_0027.png,yolo_processed,data/datasets/efficientnet_processed/images/train/yolo_raw_synthetic_wound__syn_wound_0027.jpg,SYNTHETIC,,16df5da17808b93118b40c2908dd16bf0da90f202554ac487493d590da015925
yolo_raw_synthetic_wound__syn_wound_0028,train,bruise,drawing_yolo_raw_synthetic_wound__syn_wound_0028,data/datasets/efficientnet_reject_v2/images/bruise_yolo_raw_synthetic_wound__syn_wound_0028.png,yolo_processed,data/datasets/efficientnet_processed/images/val/yolo_raw_synthetic_wound__syn_wound_0028.jpg,SYNTHETIC,,bd8ce6389ca27f4250f97bd3075ba91c72c7b578614a4fd39a8cf1433300db56
yolo_raw_synthetic_wound__syn_wound_0029,train,bruise,drawing_yolo_raw_synthetic_wound__syn_wound_0029,data/datasets/efficientnet_reject_v2/images/bruise_yolo_raw_synthetic_wound__syn_wound_0029.png,yolo_processed,data/datasets/efficientnet_processed/images/test/yolo_raw_synthetic_wound__syn_wound_0029.jpg,SYNTHETIC,,f46fe43dcbbb30707ae99bc3a025b1c3fee6f3b358cf68a9a2056bbf07b9aebd
yolo_raw_synthetic_wound__syn_wound_0039,train,bruise,drawing_yolo_raw_synthetic_wound__syn_wound_0039,data/datasets/efficientnet_reject_v2/images/bruise_yolo_raw_synthetic_wound__syn_wound_0039.png,yolo_processed,data/datasets/efficientnet_processed/images/train/yolo_raw_synthetic_wound__syn_wound_0039.jpg,SYNTHETIC,,346865bafda069544c7a637b905f8aeb80efe9a07efe198e42a1e7ac1ea59889
yolo_raw_synthetic_wound__syn_wound_0041,train,bruise,drawing_yolo_raw_synthetic_wound__syn_wound_0041,data/datasets/efficientnet_reject_v2/images/bruise_yolo_raw_synthetic_wound__syn_wound_0041.png,yolo_processed,data/datasets/efficientnet_processed/images/train/yolo_raw_synthetic_wound__syn_wound_0041.jpg,SYNTHETIC,,093bb23e43ddc222e755c2592bdfc2389d7bf19b519bad7849275fc4e569e94a
yolo_raw_synthetic_wound__syn_wound_0047,train,bruise,drawing_yolo_raw_synthetic_wound__syn_wound_0047,data/datasets/efficientnet_reject_v2/images/bruise_yolo_raw_synthetic_wound__syn_wound_0047.png,yolo_processed,data/datasets/efficientnet_processed/images/val/yolo_raw_synthetic_wound__syn_wound_0047.jpg,SYNTHETIC,,cdab64279e5fa18e04a1f9845c3250d4c3e0bb753cc8073ff24d8c91d7df2763
yolo_raw_synthetic_wound__syn_wound_0065,train,bruise,drawing_yolo_raw_synthetic_wound__syn_wound_0065,data/datasets/efficientnet_reject_v2/images/bruise_yolo_raw_synthetic_wound__syn_wound_0065.png,yolo_processed,data/datasets/efficientnet_processed/images/train/yolo_raw_synthetic_wound__syn_wound_0065.jpg,SYNTHETIC,,9ed56f4479add9efd6db10ff36cdb7a8bd4f639b1fbb2aa96d12cd26a0b37624
yolo_raw_synthetic_wound__syn_wound_0067,train,bruise,drawing_yolo_raw_synthetic_wound__syn_wound_0067,data/datasets/efficientnet_reject_v2/images/bruise_yolo_raw_synthetic_wound__syn_wound_0067.png,yolo_processed,data/datasets/efficientnet_processed/images/train/yolo_raw_synthetic_wound__syn_wound_0067.jpg,SYNTHETIC,,6741928fab9af0524d795357d9cdcf2d3f67fbb508ac920ef5e3b465994d8aaf
yolo_raw_synthetic_wound__syn_wound_0069,train,bruise,drawing_yolo_raw_synthetic_wound__syn_wound_0069,data/datasets/efficientnet_reject_v2/images/bruise_yolo_raw_synthetic_wound__syn_wound_0069.png,yolo_processed,data/datasets/efficientnet_processed/images/train/yolo_raw_synthetic_wound__syn_wound_0069.jpg,SYNTHETIC,,247bc40d117f9c8baddff7db4b71e7363769b1a71128fcfd8a96621b5a8534b7
yolo_raw_synthetic_wound__syn_wound_0070,train,bruise,drawing_yolo_raw_synthetic_wound__syn_wound_0070,data/datasets/efficientnet_reject_v2/images/bruise_yolo_raw_synthetic_wound__syn_wound_0070.png,yolo_processed,data/datasets/efficientnet_processed/images/test/yolo_raw_synthetic_wound__syn_wound_0070.jpg,SYNTHETIC,,f3689ecd8f1e6935a32cb1951cf18c6ffa542eef3214e7a25d595d3b0c27bcdc
yolo_raw_synthetic_wound__syn_wound_0075,train,bruise,drawing_yolo_raw_synthetic_wound__syn_wound_0075,data/datasets/efficientnet_reject_v2/images/bruise_yolo_raw_synthetic_wound__syn_wound_0075.png,yolo_processed,data/datasets/efficientnet_processed/images/val/yolo_raw_synthetic_wound__syn_wound_0075.jpg,SYNTHETIC,,c6098a8f6d62764353ed69be682ad701e11dd140c2b6c8f4f86c832e74f6a246
yolo_raw_synthetic_wound__syn_wound_0076,train,bruise,drawing_yolo_raw_synthetic_wound__syn_wound_0076,data/datasets/efficientnet_reject_v2/images/bruise_yolo_raw_synthetic_wound__syn_wound_0076.png,yolo_processed,data/datasets/efficientnet_processed/images/train/yolo_raw_synthetic_wound__syn_wound_0076.jpg,SYNTHETIC,,2aaa1bf11a7792f4b83daf797220e4939155cf5f315bddace7f90d683ef5afff
yolo_raw_synthetic_wound__syn_wound_0077,train,bruise,drawing_yolo_raw_synthetic_wound__syn_wound_0077,data/datasets/efficientnet_reject_v2/images/bruise_yolo_raw_synthetic_wound__syn_wound_0077.png,yolo_processed,data/datasets/efficientnet_processed/images/train/yolo_raw_synthetic_wound__syn_wound_0077.jpg,SYNTHETIC,,9c181d37d616cce531cfd537792ab1dbba6295eaadf022fab7d0a7e85be54e6d
yolo_raw_synthetic_wound__syn_wound_0080,train,bruise,drawing_yolo_raw_synthetic_wound__syn_wound_0080,data/datasets/efficientnet_reject_v2/images/bruise_yolo_raw_synthetic_wound__syn_wound_0080.png,yolo_processed,data/datasets/efficientnet_processed/images/val/yolo_raw_synthetic_wound__syn_wound_0080.jpg,SYNTHETIC,,bc353164077c9729eb3d5af702b16f1c101093eae9e8ba853dd7a475263f7c09
yolo_raw_synthetic_wound__syn_wound_0088,train,bruise,drawing_yolo_raw_synthetic_wound__syn_wound_0088,data/datasets/efficientnet_reject_v2/images/bruise_yolo_raw_synthetic_wound__syn_wound_0088.png,yolo_processed,data/datasets/efficientnet_processed/images/train/yolo_raw_synthetic_wound__syn_wound_0088.jpg,SYNTHETIC,,7ffe369b219dab44c4d46c8bbd1f98a2202c8ee0048c2ffdbd667c9c044c65d1
yolo_raw_synthetic_wound__syn_wound_0099,train,bruise,drawing_yolo_raw_synthetic_wound__syn_wound_0099,data/datasets/efficientnet_reject_v2/images/bruise_yolo_raw_synthetic_wound__syn_wound_0099.png,yolo_processed,data/datasets/efficientnet_processed/images/train/yolo_raw_synthetic_wound__syn_wound_0099.jpg,SYNTHETIC,,2569f1099024b49c92547cf79fb5777df3a8f8b3210cdbc62abc657c0e8337dd
yolo_raw_synthetic_wound__syn_wound_0108,train,bruise,drawing_yolo_raw_synthetic_wound__syn_wound_0108,data/datasets/efficientnet_reject_v2/images/bruise_yolo_raw_synthetic_wound__syn_wound_0108.png,yolo_processed,data/datasets/efficientnet_processed/images/train/yolo_raw_synthetic_wound__syn_wound_0108.jpg,SYNTHETIC,,24870414d2cca379549bde5de5c314f6cb9255c3a120da4ce4ee3c275d5056d2
yolo_raw_synthetic_wound__syn_wound_0118,train,bruise,drawing_yolo_raw_synthetic_wound__syn_wound_0118,data/datasets/efficientnet_reject_v2/images/bruise_yolo_raw_synthetic_wound__syn_wound_0118.png,yolo_processed,data/datasets/efficientnet_processed/images/train/yolo_raw_synthetic_wound__syn_wound_0118.jpg,SYNTHETIC,,aac5a7919cb7191c71673879464770223866858b001308964d1fc1637c7e2b66
yolo_raw_synthetic_wound__syn_wound_0119,train,bruise,drawing_yolo_raw_synthetic_wound__syn_wound_0119,data/datasets/efficientnet_reject_v2/images/bruise_yolo_raw_synthetic_wound__syn_wound_0119.png,yolo_processed,data/datasets/efficientnet_processed/images/test/yolo_raw_synthetic_wound__syn_wound_0119.jpg,SYNTHETIC,,ebf97dd12e2d7a9299c02a6a4afc9bb4d42e22f9b15559dd20775a8f46b04022
yolo_raw_synthetic_wound__syn_wound_0128,train,bruise,drawing_yolo_raw_synthetic_wound__syn_wound_0128,data/datasets/efficientnet_reject_v2/images/bruise_yolo_raw_synthetic_wound__syn_wound_0128.png,yolo_processed,data/datasets/efficientnet_processed/images/val/yolo_raw_synthetic_wound__syn_wound_0128.jpg,SYNTHETIC,,c4146475dbcc02cfe9ca5d8aecd1c501f33c748b905197d8f96c87865544c426
yolo_raw_synthetic_wound__syn_wound_0130,train,bruise,drawing_yolo_raw_synthetic_wound__syn_wound_0130,data/datasets/efficientnet_reject_v2/images/bruise_yolo_raw_synthetic_wound__syn_wound_0130.png,yolo_processed,data/datasets/efficientnet_processed/images/train/yolo_raw_synthetic_wound__syn_wound_0130.jpg,SYNTHETIC,,b2b7dde77d0fe106dbe0f1599902c53eec0fbbe8b289223a336a34f58864e06e
yolo_raw_synthetic_wound__syn_wound_0142,train,bruise,drawing_yolo_raw_synthetic_wound__syn_wound_0142,data/datasets/efficientnet_reject_v2/images/bruise_yolo_raw_synthetic_wound__syn_wound_0142.png,yolo_processed,data/datasets/efficientnet_processed/images/train/yolo_raw_synthetic_wound__syn_wound_0142.jpg,SYNTHETIC,,558fb82bb3f0cb1a2042f87d968b5274b55e49b2be79c7bf2437319ad4d24014
yolo_raw_synthetic_wound__syn_wound_0146,train,bruise,drawing_yolo_raw_synthetic_wound__syn_wound_0146,data/datasets/efficientnet_reject_v2/images/bruise_yolo_raw_synthetic_wound__syn_wound_0146.png,yolo_processed,data/datasets/efficientnet_processed/images/train/yolo_raw_synthetic_wound__syn_wound_0146.jpg,SYNTHETIC,,2c277b193d76271b446c70e4c7bc475c8d0ddabc1d963313929a13ac2329d95a
yolo_raw_synthetic_wound__syn_wound_0150,train,bruise,drawing_yolo_raw_synthetic_wound__syn_wound_0150,data/datasets/efficientnet_reject_v2/images/bruise_yolo_raw_synthetic_wound__syn_wound_0150.png,yolo_processed,data/datasets/efficientnet_processed/images/train/yolo_raw_synthetic_wound__syn_wound_0150.jpg,SYNTHETIC,,3e46496c35a089cd7476e5cc0b24a7c4611962730bee8962addd19edead54ebd
yolo_raw_synthetic_wound__syn_wound_0156,train,bruise,drawing_yolo_raw_synthetic_wound__syn_wound_0156,data/datasets/efficientnet_reject_v2/images/bruise_yolo_raw_synthetic_wound__syn_wound_0156.png,yolo_processed,data/datasets/efficientnet_processed/images/train/yolo_raw_synthetic_wound__syn_wound_0156.jpg,SYNTHETIC,,6b3234a8179e25556ca254fe35b994cf13d26b76311590b70b4ae7b4e143f964
yolo_raw_synthetic_wound__syn_wound_0158,train,bruise,drawing_yolo_raw_synthetic_wound__syn_wound_0158,data/datasets/efficientnet_reject_v2/images/bruise_yolo_raw_synthetic_wound__syn_wound_0158.png,yolo_processed,data/datasets/efficientnet_processed/images/train/yolo_raw_synthetic_wound__syn_wound_0158.jpg,SYNTHETIC,,ad450b83253ad13b347826ee915c71ec16bcdf9d8c96cfbadc9087f69ff26e84
yolo_raw_synthetic_wound__syn_wound_0160,train,bruise,drawing_yolo_raw_synthetic_wound__syn_wound_0160,data/datasets/efficientnet_reject_v2/images/bruise_yolo_raw_synthetic_wound__syn_wound_0160.png,yolo_processed,data/datasets/efficientnet_processed/images/train/yolo_raw_synthetic_wound__syn_wound_0160.jpg,SYNTHETIC,,033f34872f2f97517b149bd54cbdfde7afa60f822978aa891bc1f7ebd7bb4faa
yolo_raw_synthetic_wound__syn_wound_0163,train,bruise,drawing_yolo_raw_synthetic_wound__syn_wound_0163,data/datasets/efficientnet_reject_v2/images/bruise_yolo_raw_synthetic_wound__syn_wound_0163.png,yolo_processed,data/datasets/efficientnet_processed/images/val/yolo_raw_synthetic_wound__syn_wound_0163.jpg,SYNTHETIC,,cd8c027d07ad5141421b46f4f2538b96edd33f0f72652e2ff75016c25907577f
yolo_raw_synthetic_wound__syn_wound_0167,train,bruise,drawing_yolo_raw_synthetic_wound__syn_wound_0167,data/datasets/efficientnet_reject_v2/images/bruise_yolo_raw_synthetic_wound__syn_wound_0167.png,yolo_processed,data/datasets/efficientnet_processed/images/val/yolo_raw_synthetic_wound__syn_wound_0167.jpg,SYNTHETIC,,d1bdff6c691cd1c31a4ff373c4dea67e6aaab59ef21db4ab7000e2c8786785fc
yolo_raw_synthetic_wound__syn_wound_0172,train,bruise,drawing_yolo_raw_synthetic_wound__syn_wound_0172,data/datasets/efficientnet_reject_v2/images/bruise_yolo_raw_synthetic_wound__syn_wound_0172.png,yolo_processed,data/datasets/efficientnet_processed/images/train/yolo_raw_synthetic_wound__syn_wound_0172.jpg,SYNTHETIC,,22844990fd880462094f6b197a46664392044d17433073f250b79ad48063bf75
yolo_raw_synthetic_wound__syn_wound_0181,train,bruise,drawing_yolo_raw_synthetic_wound__syn_wound_0181,data/datasets/efficientnet_reject_v2/images/bruise_yolo_raw_synthetic_wound__syn_wound_0181.png,yolo_processed,data/datasets/efficientnet_processed/images/train/yolo_raw_synthetic_wound__syn_wound_0181.jpg,SYNTHETIC,,55d66d81809ee5dac8e5955d6b5fb1a802e0f086f71f0f59a03fa8ed2094f3fb
yolo_raw_synthetic_wound__syn_wound_0182,train,bruise,drawing_yolo_raw_synthetic_wound__syn_wound_0182,data/datasets/efficientnet_reject_v2/images/bruise_yolo_raw_synthetic_wound__syn_wound_0182.png,yolo_processed,data/datasets/efficientnet_processed/images/train/yolo_raw_synthetic_wound__syn_wound_0182.jpg,SYNTHETIC,,ace1d0125b7e1413b2a57d09858552a8bd829a58061a41b3a0e38fe6ce810c51
yolo_raw_synthetic_wound__syn_wound_0184,train,bruise,drawing_yolo_raw_synthetic_wound__syn_wound_0184,data/datasets/efficientnet_reject_v2/images/bruise_yolo_raw_synthetic_wound__syn_wound_0184.png,yolo_processed,data/datasets/efficientnet_processed/images/train/yolo_raw_synthetic_wound__syn_wound_0184.jpg,SYNTHETIC,,6ac2b3fde5e8225852846d07737e8eb04e037566c73510c2df59018a74bf4582
yolo_raw_synthetic_wound__syn_wound_0185,train,bruise,drawing_yolo_raw_synthetic_wound__syn_wound_0185,data/datasets/efficientnet_reject_v2/images/bruise_yolo_raw_synthetic_wound__syn_wound_0185.png,yolo_processed,data/datasets/efficientnet_processed/images/train/yolo_raw_synthetic_wound__syn_wound_0185.jpg,SYNTHETIC,,6611663f63c8679d808cf3e04ca451a678951e2e3cbd9db31f9e6bc87336144f
yolo_raw_synthetic_wound__syn_wound_0189,train,bruise,drawing_yolo_raw_synthetic_wound__syn_wound_0189,data/datasets/efficientnet_reject_v2/images/bruise_yolo_raw_synthetic_wound__syn_wound_0189.png,yolo_processed,data/datasets/efficientnet_processed/images/train/yolo_raw_synthetic_wound__syn_wound_0189.jpg,SYNTHETIC,,aafe3b2a05de215ba9b83e107dfcef362f108f86712697f3db5058f6be871ced
yolo_raw_synthetic_wound__syn_wound_0195,train,bruise,drawing_yolo_raw_synthetic_wound__syn_wound_0195,data/datasets/efficientnet_reject_v2/images/bruise_yolo_raw_synthetic_wound__syn_wound_0195.png,yolo_processed,data/datasets/efficientnet_processed/images/train/yolo_raw_synthetic_wound__syn_wound_0195.jpg,SYNTHETIC,,713e21fe7a098c0170304502e7289c20ba2547f5a30340140e98f90b56c1a09c
yolo_raw_synthetic_wound__syn_wound_0206,train,bruise,drawing_yolo_raw_synthetic_wound__syn_wound_0206,data/datasets/efficientnet_reject_v2/images/bruise_yolo_raw_synthetic_wound__syn_wound_0206.png,yolo_processed,data/datasets/efficientnet_processed/images/train/yolo_raw_synthetic_wound__syn_wound_0206.jpg,SYNTHETIC,,1d9af1ea5d22032e74242cd1283124ab4b207c203e3b2b2343f25f2b6895e1bc
yolo_raw_synthetic_wound__syn_wound_0207,train,bruise,drawing_yolo_raw_synthetic_wound__syn_wound_0207,data/datasets/efficientnet_reject_v2/images/bruise_yolo_raw_synthetic_wound__syn_wound_0207.png,yolo_processed,data/datasets/efficientnet_processed/images/train/yolo_raw_synthetic_wound__syn_wound_0207.jpg,SYNTHETIC,,05aba1b7848518b5169bd147df5027b8196162f92d030c20cc2229ab83fd08ea
yolo_raw_synthetic_wound__syn_wound_0219,train,bruise,drawing_yolo_raw_synthetic_wound__syn_wound_0219,data/datasets/efficientnet_reject_v2/images/bruise_yolo_raw_synthetic_wound__syn_wound_0219.png,yolo_processed,data/datasets/efficientnet_processed/images/train/yolo_raw_synthetic_wound__syn_wound_0219.jpg,SYNTHETIC,,18f3c9bf3a4661ae7f556170b85aae83221e79d5881a1384647021b520250941
injury_sample_0001,train,cut,drawing_injury_sample_0001,data/datasets/efficientnet_reject_v2/images/cut_injury_sample_0001.png,injury_dataset,data/datasets/efficientnet_processed/images/train/injury_sample_0001.jpg,SYNTHETIC,,746f488573dcbda011d115d04f19b18b238c1081af76bd5eb6779624e1a36811
yolo_raw_synthetic_wound__syn_wound_0004,train,cut,drawing_yolo_raw_synthetic_wound__syn_wound_0004,data/datasets/efficientnet_reject_v2/images/cut_yolo_raw_synthetic_wound__syn_wound_0004.png,yolo_processed,data/datasets/efficientnet_processed/images/val/yolo_raw_synthetic_wound__syn_wound_0004.jpg,SYNTHETIC,,c33141291e1768f503b9e2fe7a06b48cf14e8e562b599ec2a7186d7facfc0d4c
yolo_raw_synthetic_wound__syn_wound_0016,train,cut,drawing_yolo_raw_synthetic_wound__syn_wound_0016,data/datasets/efficientnet_reject_v2/images/cut_yolo_raw_synthetic_wound__syn_wound_0016.png,yolo_processed,data/datasets/efficientnet_processed/images/train/yolo_raw_synthetic_wound__syn_wound_0016.jpg,SYNTHETIC,,918c8a0fca7f51b149be09ffa4632d0543e88ea7c9a0ceeab3e97240fdd6251c
yolo_raw_synthetic_wound__syn_wound_0018,train,cut,drawing_yolo_raw_synthetic_wound__syn_wound_0018,data/datasets/efficientnet_reject_v2/images/cut_yolo_raw_synthetic_wound__syn_wound_0018.png,yolo_processed,data/datasets/efficientnet_processed/images/test/yolo_raw_synthetic_wound__syn_wound_0018.jpg,SYNTHETIC,,f7602ae01c1b22d3bc57bb83551d56c36744362e6268c75aaae745c604ddc529
yolo_raw_synthetic_wound__syn_wound_0024,train,cut,drawing_yolo_raw_synthetic_wound__syn_wound_0024,data/datasets/efficientnet_reject_v2/images/cut_yolo_raw_synthetic_wound__syn_wound_0024.png,yolo_processed,data/datasets/efficientnet_processed/images/train/yolo_raw_synthetic_wound__syn_wound_0024.jpg,SYNTHETIC,,a6b8c66b9cae73974d9d2c1af75dc027f3d8cea80ae4bf0b8dd4672c49665109
yolo_raw_synthetic_wound__syn_wound_0030,train,cut,drawing_yolo_raw_synthetic_wound__syn_wound_0030,data/datasets/efficientnet_reject_v2/images/cut_yolo_raw_synthetic_wound__syn_wound_0030.png,yolo_processed,data/datasets/efficientnet_processed/images/val/yolo_raw_synthetic_wound__syn_wound_0030.jpg,SYNTHETIC,,db76567577e831aef50b64182ed67873d0d375512cdac752a022b64cea3cefed
yolo_raw_synthetic_wound__syn_wound_0032,train,cut,drawing_yolo_raw_synthetic_wound__syn_wound_0032,data/datasets/efficientnet_reject_v2/images/cut_yolo_raw_synthetic_wound__syn_wound_0032.png,yolo_processed,data/datasets/efficientnet_processed/images/train/yolo_raw_synthetic_wound__syn_wound_0032.jpg,SYNTHETIC,,40006e9f326e45ce986f68dd916331be2ad81c0d55edce05bd3b764a3a7a8b1b
yolo_raw_synthetic_wound__syn_wound_0033,train,cut,drawing_yolo_raw_synthetic_wound__syn_wound_0033,data/datasets/efficientnet_reject_v2/images/cut_yolo_raw_synthetic_wound__syn_wound_0033.png,yolo_processed,data/datasets/efficientnet_processed/images/val/yolo_raw_synthetic_wound__syn_wound_0033.jpg,SYNTHETIC,,b4c3a1cf3c534e2deaf245133fbc1d5bf9352c481770a1b83b0c5f040ae608ed
yolo_raw_synthetic_wound__syn_wound_0034,train,cut,drawing_yolo_raw_synthetic_wound__syn_wound_0034,data/datasets/efficientnet_reject_v2/images/cut_yolo_raw_synthetic_wound__syn_wound_0034.png,yolo_processed,data/datasets/efficientnet_processed/images/test/yolo_raw_synthetic_wound__syn_wound_0034.jpg,SYNTHETIC,,ea0a2241645f7b9bc27bae74f12e5b4cc97d39743ef6ffdd091bff7c7c21eb08
yolo_raw_synthetic_wound__syn_wound_0040,train,cut,drawing_yolo_raw_synthetic_wound__syn_wound_0040,data/datasets/efficientnet_reject_v2/images/cut_yolo_raw_synthetic_wound__syn_wound_0040.png,yolo_processed,data/datasets/efficientnet_processed/images/train/yolo_raw_synthetic_wound__syn_wound_0040.jpg,SYNTHETIC,,7abb11e040b648f567a123a795214958f3460af1cb3f06257a35b5a345b6b77c
yolo_raw_synthetic_wound__syn_wound_0042,train,cut,drawing_yolo_raw_synthetic_wound__syn_wound_0042,data/datasets/efficientnet_reject_v2/images/cut_yolo_raw_synthetic_wound__syn_wound_0042.png,yolo_processed,data/datasets/efficientnet_processed/images/train/yolo_raw_synthetic_wound__syn_wound_0042.jpg,SYNTHETIC,,a845612d7a2e5ac1eec18850b235c1aaa6c1d03faf8bfee8c6b737c14debdb9c
yolo_raw_synthetic_wound__syn_wound_0045,train,cut,drawing_yolo_raw_synthetic_wound__syn_wound_0045,data/datasets/efficientnet_reject_v2/images/cut_yolo_raw_synthetic_wound__syn_wound_0045.png,yolo_processed,data/datasets/efficientnet_processed/images/train/yolo_raw_synthetic_wound__syn_wound_0045.jpg,SYNTHETIC,,4eb74202bef0faa479a89b7ddd30f862db238f634b5a2b3763a8b5337ab12f76
yolo_raw_synthetic_wound__syn_wound_0048,train,cut,drawing_yolo_raw_synthetic_wound__syn_wound_0048,data/datasets/efficientnet_reject_v2/images/cut_yolo_raw_synthetic_wound__syn_wound_0048.png,yolo_processed,data/datasets/efficientnet_processed/images/train/yolo_raw_synthetic_wound__syn_wound_0048.jpg,SYNTHETIC,,3922926f3a0b316189fa30699b23435fa0cd087dfe8b215dc75d6ff9026c6ab5
yolo_raw_synthetic_wound__syn_wound_0053,train,cut,drawing_yolo_raw_synthetic_wound__syn_wound_0053,data/datasets/efficientnet_reject_v2/images/cut_yolo_raw_synthetic_wound__syn_wound_0053.png,yolo_processed,data/datasets/efficientnet_processed/images/train/yolo_raw_synthetic_wound__syn_wound_0053.jpg,SYNTHETIC,,5d4473b7d1ad336dd11a142a0a49dc573d3624780947a8c55b4083bbb7953c4e
yolo_raw_synthetic_wound__syn_wound_0054,train,cut,drawing_yolo_raw_synthetic_wound__syn_wound_0054,data/datasets/efficientnet_reject_v2/images/cut_yolo_raw_synthetic_wound__syn_wound_0054.png,yolo_processed,data/datasets/efficientnet_processed/images/train/yolo_raw_synthetic_wound__syn_wound_0054.jpg,SYNTHETIC,,25b6df0cfce239fd22204a3440f3e71f329cf507f4f0795b7846f402eac224be
yolo_raw_synthetic_wound__syn_wound_0062,train,cut,drawing_yolo_raw_synthetic_wound__syn_wound_0062,data/datasets/efficientnet_reject_v2/images/cut_yolo_raw_synthetic_wound__syn_wound_0062.png,yolo_processed,data/datasets/efficientnet_processed/images/train/yolo_raw_synthetic_wound__syn_wound_0062.jpg,SYNTHETIC,,4c22d3d2478d227ef73c1bd65eb1c9958c52495c2bb1395bf65147716f2067ff
yolo_raw_synthetic_wound__syn_wound_0063,train,cut,drawing_yolo_raw_synthetic_wound__syn_wound_0063,data/datasets/efficientnet_reject_v2/images/cut_yolo_raw_synthetic_wound__syn_wound_0063.png,yolo_processed,data/datasets/efficientnet_processed/images/train/yolo_raw_synthetic_wound__syn_wound_0063.jpg,SYNTHETIC,,11833cf105ff63d90667abac88b336b7ca63930ae2c9db448897440250dd11d2
yolo_raw_synthetic_wound__syn_wound_0064,train,cut,drawing_yolo_raw_synthetic_wound__syn_wound_0064,data/datasets/efficientnet_reject_v2/images/cut_yolo_raw_synthetic_wound__syn_wound_0064.png,yolo_processed,data/datasets/efficientnet_processed/images/train/yolo_raw_synthetic_wound__syn_wound_0064.jpg,SYNTHETIC,,022bb96f713332433b261391cfdde7b74b517dbaa98deae012e20dde67c008a5
yolo_raw_synthetic_wound__syn_wound_0071,train,cut,drawing_yolo_raw_synthetic_wound__syn_wound_0071,data/datasets/efficientnet_reject_v2/images/cut_yolo_raw_synthetic_wound__syn_wound_0071.png,yolo_processed,data/datasets/efficientnet_processed/images/val/yolo_raw_synthetic_wound__syn_wound_0071.jpg,SYNTHETIC,,b2b5a924228286812f829e5279fe23d928f9d8b4d94bd9306c0188a7ed695f40
yolo_raw_synthetic_wound__syn_wound_0078,train,cut,drawing_yolo_raw_synthetic_wound__syn_wound_0078,data/datasets/efficientnet_reject_v2/images/cut_yolo_raw_synthetic_wound__syn_wound_0078.png,yolo_processed,data/datasets/efficientnet_processed/images/train/yolo_raw_synthetic_wound__syn_wound_0078.jpg,SYNTHETIC,,a29a37c468ac073201099fb6ab8887431584d5f10bd1d68548b3376ed88d8c54
yolo_raw_synthetic_wound__syn_wound_0079,train,cut,drawing_yolo_raw_synthetic_wound__syn_wound_0079,data/datasets/efficientnet_reject_v2/images/cut_yolo_raw_synthetic_wound__syn_wound_0079.png,yolo_processed,data/datasets/efficientnet_processed/images/test/yolo_raw_synthetic_wound__syn_wound_0079.jpg,SYNTHETIC,,f11b77dbe997f6fea8f7be4fe6cf625af42235efc734a4d69d0340d197441cde
yolo_raw_synthetic_wound__syn_wound_0081,train,cut,drawing_yolo_raw_synthetic_wound__syn_wound_0081,data/datasets/efficientnet_reject_v2/images/cut_yolo_raw_synthetic_wound__syn_wound_0081.png,yolo_processed,data/datasets/efficientnet_processed/images/val/yolo_raw_synthetic_wound__syn_wound_0081.jpg,SYNTHETIC,,b3fde7c8d8572414c90d8899fa1f5b7549a1bfe5f4a7dfa92d07176e9f73b030
yolo_raw_synthetic_wound__syn_wound_0082,train,cut,drawing_yolo_raw_synthetic_wound__syn_wound_0082,data/datasets/efficientnet_reject_v2/images/cut_yolo_raw_synthetic_wound__syn_wound_0082.png,yolo_processed,data/datasets/efficientnet_processed/images/test/yolo_raw_synthetic_wound__syn_wound_0082.jpg,SYNTHETIC,,e24ba378824690572242890fa7cb017eb872e6e03acb96dfc8bb93df52fddc74
yolo_raw_synthetic_wound__syn_wound_0085,train,cut,drawing_yolo_raw_synthetic_wound__syn_wound_0085,data/datasets/efficientnet_reject_v2/images/cut_yolo_raw_synthetic_wound__syn_wound_0085.png,yolo_processed,data/datasets/efficientnet_processed/images/test/yolo_raw_synthetic_wound__syn_wound_0085.jpg,SYNTHETIC,,f2a94813604040da8886d386e7b4019146e7e2a74ab6cf5611007ba2760d22ee
yolo_raw_synthetic_wound__syn_wound_0098,train,cut,drawing_yolo_raw_synthetic_wound__syn_wound_0098,data/datasets/efficientnet_reject_v2/images/cut_yolo_raw_synthetic_wound__syn_wound_0098.png,yolo_processed,data/datasets/efficientnet_processed/images/train/yolo_raw_synthetic_wound__syn_wound_0098.jpg,SYNTHETIC,,6fb3da2e702a48f62a3f94358c778c56e69edd8504a2d373411934af7e849733
yolo_raw_synthetic_wound__syn_wound_0101,train,cut,drawing_yolo_raw_synthetic_wound__syn_wound_0101,data/datasets/efficientnet_reject_v2/images/cut_yolo_raw_synthetic_wound__syn_wound_0101.png,yolo_processed,data/datasets/efficientnet_processed/images/train/yolo_raw_synthetic_wound__syn_wound_0101.jpg,SYNTHETIC,,25a2333cbcb4bb9162555d6b25d216796a08ae08745e4593e76ad319d9163db5
yolo_raw_synthetic_wound__syn_wound_0104,train,cut,drawing_yolo_raw_synthetic_wound__syn_wound_0104,data/datasets/efficientnet_reject_v2/images/cut_yolo_raw_synthetic_wound__syn_wound_0104.png,yolo_processed,data/datasets/efficientnet_processed/images/train/yolo_raw_synthetic_wound__syn_wound_0104.jpg,SYNTHETIC,,395a1e63f4cb76d0c93c1fb9c60b04dda7bbc0caecdde07f4e30c378eeccc758
yolo_raw_synthetic_wound__syn_wound_0113,train,cut,drawing_yolo_raw_synthetic_wound__syn_wound_0113,data/datasets/efficientnet_reject_v2/images/cut_yolo_raw_synthetic_wound__syn_wound_0113.png,yolo_processed,data/datasets/efficientnet_processed/images/train/yolo_raw_synthetic_wound__syn_wound_0113.jpg,SYNTHETIC,,9bbd9a2b96d96a8c3262e4bcc1db9296abc7cc4823db18ef34c7f95b001be039
yolo_raw_synthetic_wound__syn_wound_0114,train,cut,drawing_yolo_raw_synthetic_wound__syn_wound_0114,data/datasets/efficientnet_reject_v2/images/cut_yolo_raw_synthetic_wound__syn_wound_0114.png,yolo_processed,data/datasets/efficientnet_processed/images/train/yolo_raw_synthetic_wound__syn_wound_0114.jpg,SYNTHETIC,,5a3165f7ebc5683e8b0fd747043da653d88e146c0f95304e890026325c844761
yolo_raw_synthetic_wound__syn_wound_0116,train,cut,drawing_yolo_raw_synthetic_wound__syn_wound_0116,data/datasets/efficientnet_reject_v2/images/cut_yolo_raw_synthetic_wound__syn_wound_0116.png,yolo_processed,data/datasets/efficientnet_processed/images/train/yolo_raw_synthetic_wound__syn_wound_0116.jpg,SYNTHETIC,,98b33d9883d37e059404864c8663d3a5b70cf067609e38d8a301e5d01c70e424
yolo_raw_synthetic_wound__syn_wound_0117,train,cut,drawing_yolo_raw_synthetic_wound__syn_wound_0117,data/datasets/efficientnet_reject_v2/images/cut_yolo_raw_synthetic_wound__syn_wound_0117.png,yolo_processed,data/datasets/efficientnet_processed/images/train/yolo_raw_synthetic_wound__syn_wound_0117.jpg,SYNTHETIC,,2378823d2114bb93714e6d00d1a8a80566c4c188e6aacc586e868fbfc5777b8e
yolo_raw_synthetic_wound__syn_wound_0134,train,cut,drawing_yolo_raw_synthetic_wound__syn_wound_0134,data/datasets/efficientnet_reject_v2/images/cut_yolo_raw_synthetic_wound__syn_wound_0134.png,yolo_processed,data/datasets/efficientnet_processed/images/val/yolo_raw_synthetic_wound__syn_wound_0134.jpg,SYNTHETIC,,c2e2ba7f1bdd50112f38e8549fb1eb695142bb925dd5cd72edf29ce9fa684a93
yolo_raw_synthetic_wound__syn_wound_0137,train,cut,drawing_yolo_raw_synthetic_wound__syn_wound_0137,data/datasets/efficientnet_reject_v2/images/cut_yolo_raw_synthetic_wound__syn_wound_0137.png,yolo_processed,data/datasets/efficientnet_processed/images/test/yolo_raw_synthetic_wound__syn_wound_0137.jpg,SYNTHETIC,,e8aa78af2c62c860e4af7db9f2df5d3d3315ac418de446853ebae9239090b4e3
yolo_raw_synthetic_wound__syn_wound_0141,train,cut,drawing_yolo_raw_synthetic_wound__syn_wound_0141,data/datasets/efficientnet_reject_v2/images/cut_yolo_raw_synthetic_wound__syn_wound_0141.png,yolo_processed,data/datasets/efficientnet_processed/images/test/yolo_raw_synthetic_wound__syn_wound_0141.jpg,SYNTHETIC,,fd8d1401feb9212d35992f2661e2c6bfa7a3f758b43220a96bcc7620eea00e9b
yolo_raw_synthetic_wound__syn_wound_0145,train,cut,drawing_yolo_raw_synthetic_wound__syn_wound_0145,data/datasets/efficientnet_reject_v2/images/cut_yolo_raw_synthetic_wound__syn_wound_0145.png,yolo_processed,data/datasets/efficientnet_processed/images/val/yolo_raw_synthetic_wound__syn_wound_0145.jpg,SYNTHETIC,,e2124a63ae2184963710fba1bd66e5ec55c803ec6d2c4dc4dc0d2bc6599cba79
yolo_raw_synthetic_wound__syn_wound_0157,train,cut,drawing_yolo_raw_synthetic_wound__syn_wound_0157,data/datasets/efficientnet_reject_v2/images/cut_yolo_raw_synthetic_wound__syn_wound_0157.png,yolo_processed,data/datasets/efficientnet_processed/images/train/yolo_raw_synthetic_wound__syn_wound_0157.jpg,SYNTHETIC,,7161316c32923c1e5bf4236fcd461223cd4ccad4106ebeb915764bcc9e61252c
yolo_raw_synthetic_wound__syn_wound_0164,train,cut,drawing_yolo_raw_synthetic_wound__syn_wound_0164,data/datasets/efficientnet_reject_v2/images/cut_yolo_raw_synthetic_wound__syn_wound_0164.png,yolo_processed,data/datasets/efficientnet_processed/images/train/yolo_raw_synthetic_wound__syn_wound_0164.jpg,SYNTHETIC,,8a3c2cca79efcf52e80ff56e15eda103d95c106cad360616eb94e2bae60a3073
yolo_raw_synthetic_wound__syn_wound_0179,train,cut,drawing_yolo_raw_synthetic_wound__syn_wound_0179,data/datasets/efficientnet_reject_v2/images/cut_yolo_raw_synthetic_wound__syn_wound_0179.png,yolo_processed,data/datasets/efficientnet_processed/images/train/yolo_raw_synthetic_wound__syn_wound_0179.jpg,SYNTHETIC,,22354de9f1781dcb4fd52ebf4a19e69f7774781269c6d27853b86fa0355f2f9d
yolo_raw_synthetic_wound__syn_wound_0186,train,cut,drawing_yolo_raw_synthetic_wound__syn_wound_0186,data/datasets/efficientnet_reject_v2/images/cut_yolo_raw_synthetic_wound__syn_wound_0186.png,yolo_processed,data/datasets/efficientnet_processed/images/train/yolo_raw_synthetic_wound__syn_wound_0186.jpg,SYNTHETIC,,41773ba80a58ee6c4b661b03c32d8b8432edc2a3e133c5df873b7487f7014add
yolo_raw_synthetic_wound__syn_wound_0187,train,cut,drawing_yolo_raw_synthetic_wound__syn_wound_0187,data/datasets/efficientnet_reject_v2/images/cut_yolo_raw_synthetic_wound__syn_wound_0187.png,yolo_processed,data/datasets/efficientnet_processed/images/train/yolo_raw_synthetic_wound__syn_wound_0187.jpg,SYNTHETIC,,311c4b2e5aa98b75198bb4bbc891f3b9ec87254e28bcb9b35717d8da0fc52461
yolo_raw_synthetic_wound__syn_wound_0200,train,cut,drawing_yolo_raw_synthetic_wound__syn_wound_0200,data/datasets/efficientnet_reject_v2/images/cut_yolo_raw_synthetic_wound__syn_wound_0200.png,yolo_processed,data/datasets/efficientnet_processed/images/test/yolo_raw_synthetic_wound__syn_wound_0200.jpg,SYNTHETIC,,e2f3bfd429480ed5cc17463925d9df218b8b4662f1faac17901b1251b9cd08cc
yolo_raw_synthetic_wound__syn_wound_0211,train,cut,drawing_yolo_raw_synthetic_wound__syn_wound_0211,data/datasets/efficientnet_reject_v2/images/cut_yolo_raw_synthetic_wound__syn_wound_0211.png,yolo_processed,data/datasets/efficientnet_processed/images/train/yolo_raw_synthetic_wound__syn_wound_0211.jpg,SYNTHETIC,,a676dfeae7aaf7f6ac947305ed4dfd13394d1870af7c360018311d93f66321a3
yolo_raw_synthetic_wound__syn_wound_0213,train,cut,drawing_yolo_raw_synthetic_wound__syn_wound_0213,data/datasets/efficientnet_reject_v2/images/cut_yolo_raw_synthetic_wound__syn_wound_0213.png,yolo_processed,data/datasets/efficientnet_processed/images/train/yolo_raw_synthetic_wound__syn_wound_0213.jpg,SYNTHETIC,,921f43a5959736f3c052af0ada0c277d465a1d805e64fd2a7747f677055c86f3
yolo_yolo_real_wound__public_sample_0001,train,cut,drawing_yolo_yolo_real_wound__public_sample_0001,data/datasets/efficientnet_reject_v2/images/cut_yolo_yolo_real_wound__public_sample_0001.png,yolo_processed,data/datasets/efficientnet_processed/images/test/yolo_yolo_real_wound__public_sample_0001.jpg,SYNTHETIC,,f3a0596e8cd0212b0435977128635e66bd899c555bf9a3e2f923ec665b044d71
normal_azh_patches_0020126b06a719c36fed196c2c71f2f0_0006,train,normal,azh_patches:0020126b06a719c36fed196c2c71f2f0,data/datasets/efficientnet_reject_v2/images/normal_azh_patches_0020126b06a719c36fed196c2c71f2f0_0006.png,azh_patches,data/datasets/external/azh_patches/train/images/0020126b06a719c36fed196c2c71f2f0_0.png,PUBLIC_REAL_PHOTOS,empty_region_crop,1a9d845ad1a91c36e033e6c91a2610ae3db5eb0d416aecbe6865d81ca1801dd8
normal_azh_patches_0272003ec882522e7bec012aac93cc26_0000,train,normal,azh_patches:0272003ec882522e7bec012aac93cc26,data/datasets/efficientnet_reject_v2/images/normal_azh_patches_0272003ec882522e7bec012aac93cc26_0000.png,azh_patches,data/datasets/external/azh_patches/train/images/0272003ec882522e7bec012aac93cc26_0.png,PUBLIC_REAL_PHOTOS,empty_mask_patch,9964cbe7a5c44e453d13d03b94b5ad97ba31a0db56670b0a30f01cfa1302cab0
normal_azh_patches_045897ff55447150716a26960a3b8fd6_0009,train,normal,azh_patches:045897ff55447150716a26960a3b8fd6,data/datasets/efficientnet_reject_v2/images/normal_azh_patches_045897ff55447150716a26960a3b8fd6_0009.png,azh_patches,data/datasets/external/azh_patches/train/images/045897ff55447150716a26960a3b8fd6_0.png,PUBLIC_REAL_PHOTOS,empty_region_crop,414e131f736947708d92ba53c9f68fd7bd302f99088824a666e62b4ab628ddaa
normal_azh_patches_051d7c68ec44d127707d220a2f8a6c09_0010,train,normal,azh_patches:051d7c68ec44d127707d220a2f8a6c09,data/datasets/efficientnet_reject_v2/images/normal_azh_patches_051d7c68ec44d127707d220a2f8a6c09_0010.png,azh_patches,data/datasets/external/azh_patches/train/images/051d7c68ec44d127707d220a2f8a6c09_0.png,PUBLIC_REAL_PHOTOS,empty_region_crop,d7c3a283a3a2bed828693725244077f00fef034c02ba0179b999ec695ce7ab7f
normal_azh_patches_0a5a3ada2bb75c4af2daf8e4726bf099_0001,train,normal,azh_patches:0a5a3ada2bb75c4af2daf8e4726bf099,data/datasets/efficientnet_reject_v2/images/normal_azh_patches_0a5a3ada2bb75c4af2daf8e4726bf099_0001.png,azh_patches,data/datasets/external/azh_patches/train/images/0a5a3ada2bb75c4af2daf8e4726bf099_1.png,PUBLIC_REAL_PHOTOS,empty_mask_patch,b4856551eda6c698ed2587fd80cf38f264298ed6e3e004127ef532c885847093
normal_azh_patches_0e9585008d43fdf08d840064a49674f3_0002,train,normal,azh_patches:0e9585008d43fdf08d840064a49674f3,data/datasets/efficientnet_reject_v2/images/normal_azh_patches_0e9585008d43fdf08d840064a49674f3_0002.png,azh_patches,data/datasets/external/azh_patches/train/images/0e9585008d43fdf08d840064a49674f3_0.png,PUBLIC_REAL_PHOTOS,empty_mask_patch,8af5ffc87fad65c103bfd783ed1deb8741bc999c60d533253e84ab1dc958231a
normal_azh_patches_16489f399948a5dfc46c056f1d26da40_0011,train,normal,azh_patches:16489f399948a5dfc46c056f1d26da40,data/datasets/efficientnet_reject_v2/images/normal_azh_patches_16489f399948a5dfc46c056f1d26da40_0011.png,azh_patches,data/datasets/external/azh_patches/train/images/16489f399948a5dfc46c056f1d26da40_0.png,PUBLIC_REAL_PHOTOS,empty_region_crop,09b00140375f83e4f71597709e9033e38ec075c9fcbb424ad0e30a221af152cc
normal_azh_patches_1c8e887ad6ec44f3c6cc91e88dd59f56_0004,train,normal,azh_patches:1c8e887ad6ec44f3c6cc91e88dd59f56,data/datasets/efficientnet_reject_v2/images/normal_azh_patches_1c8e887ad6ec44f3c6cc91e88dd59f56_0004.png,azh_patches,data/datasets/external/azh_patches/train/images/1c8e887ad6ec44f3c6cc91e88dd59f56_0.png,PUBLIC_REAL_PHOTOS,empty_mask_patch,dfe8e5e39cf50be8e2a8d71ed890933bbd5d4531fc8f682d5fa9c10c7824d6f4
normal_azh_patches_2664472bf2196368e9372077ad0fdbe2_0012,train,normal,azh_patches:2664472bf2196368e9372077ad0fdbe2,data/datasets/efficientnet_reject_v2/images/normal_azh_patches_2664472bf2196368e9372077ad0fdbe2_0012.png,azh_patches,data/datasets/external/azh_patches/train/images/2664472bf2196368e9372077ad0fdbe2_0.png,PUBLIC_REAL_PHOTOS,empty_region_crop,0d0dda4ea0477dc59225c285307f6cf063b84366ce55b0d7623d51d56ef561a4
normal_azh_patches_5c9c9b9e3f1d124c504365cda09afb24_0014,train,normal,azh_patches:5c9c9b9e3f1d124c504365cda09afb24,data/datasets/efficientnet_reject_v2/images/normal_azh_patches_5c9c9b9e3f1d124c504365cda09afb24_0014.png,azh_patches,data/datasets/external/azh_patches/train/images/5c9c9b9e3f1d124c504365cda09afb24_0.png,PUBLIC_REAL_PHOTOS,empty_region_crop,80e3448f072e4ab8cd6d570ce025e86d0dbf8885c606919dee77562d76c5e10b
normal_azh_patches_7c2b933bc1a51ded68a617a410335e25_0015,train,normal,azh_patches:7c2b933bc1a51ded68a617a410335e25,data/datasets/efficientnet_reject_v2/images/normal_azh_patches_7c2b933bc1a51ded68a617a410335e25_0015.png,azh_patches,data/datasets/external/azh_patches/train/images/7c2b933bc1a51ded68a617a410335e25_1.png,PUBLIC_REAL_PHOTOS,empty_region_crop,247c3fd249b8d04c0ed86c0ab1754b916cc9b15cdbd4ff52c82447c7d53e78c3
normal_azh_patches_f46434c267bc392570aa9c71be351fe8_0005,train,normal,azh_patches:f46434c267bc392570aa9c71be351fe8,data/datasets/efficientnet_reject_v2/images/normal_azh_patches_f46434c267bc392570aa9c71be351fe8_0005.png,azh_patches,data/datasets/external/azh_patches/test/images/f46434c267bc392570aa9c71be351fe8_0.png,PUBLIC_REAL_PHOTOS,empty_mask_patch,756bcdd5dcc2f2283de30b061bd77e86d416335de077fc58e2ea77f753bed70f
ood_reject_blue_011,train,ood_reject,ood_reject:blue,data/datasets/efficientnet_reject_v2/images/ood_reject_blue_011.png,synthetic_ood_reject_v2,ood_reject_blue_011,SYNTHETIC_OOD_REJECT,ood_reject_canvas,c138bebc730a0bb9af6efb854d2d1a7fc84d47a70fccae0f79c2c7e255ccb967
ood_reject_green_012,train,ood_reject,ood_reject:green,data/datasets/efficientnet_reject_v2/images/ood_reject_green_012.png,synthetic_ood_reject_v2,ood_reject_green_012,SYNTHETIC_OOD_REJECT,ood_reject_canvas,0dccaab641a0459c70cd5fd178ca6c79e708d3b3ce95942a4346107dc622ba2e
ood_reject_green_gradient_046,train,ood_reject,ood_reject:green_gradient,data/datasets/efficientnet_reject_v2/images/ood_reject_green_gradient_046.png,synthetic_ood_reject_v2,ood_reject_green_gradient_046,SYNTHETIC_OOD_REJECT,ood_reject_canvas,0ba21b40e37926aedbe611bac3ca9fd580574a3d4bb26f0ba461807179ef7c4e
ood_reject_noise_0_014,train,ood_reject,ood_reject:noise_0,data/datasets/efficientnet_reject_v2/images/ood_reject_noise_0_014.png,synthetic_ood_reject_v2,ood_reject_noise_0_014,SYNTHETIC_OOD_REJECT,ood_reject_canvas,5e21804af5bf3efeca16fa1b3dbd1944bb6c50a45c282987f5d063690266bbc0
ood_reject_noise_12_026,train,ood_reject,ood_reject:noise_12,data/datasets/efficientnet_reject_v2/images/ood_reject_noise_12_026.png,synthetic_ood_reject_v2,ood_reject_noise_12_026,SYNTHETIC_OOD_REJECT,ood_reject_canvas,bfaab41b705b374151305fc4f3dc8e285112f0aea79d6104fb1e4988c9f7d2b4
ood_reject_noise_14_028,train,ood_reject,ood_reject:noise_14,data/datasets/efficientnet_reject_v2/images/ood_reject_noise_14_028.png,synthetic_ood_reject_v2,ood_reject_noise_14_028,SYNTHETIC_OOD_REJECT,ood_reject_canvas,d236b1205a8d5eebf1748118c13b1576f651387331912e9f1a777e928de07152
ood_reject_noise_16_030,train,ood_reject,ood_reject:noise_16,data/datasets/efficientnet_reject_v2/images/ood_reject_noise_16_030.png,synthetic_ood_reject_v2,ood_reject_noise_16_030,SYNTHETIC_OOD_REJECT,ood_reject_canvas,a01a8ef34d0a7901425342378fdaeac64f04634d3b66198286583178f5aa3457
ood_reject_noise_17_031,train,ood_reject,ood_reject:noise_17,data/datasets/efficientnet_reject_v2/images/ood_reject_noise_17_031.png,synthetic_ood_reject_v2,ood_reject_noise_17_031,SYNTHETIC_OOD_REJECT,ood_reject_canvas,cd99f658338fafb34176178660818378b7ff09ba681dc40e96385ee42c6fe3dc
ood_reject_noise_18_032,train,ood_reject,ood_reject:noise_18,data/datasets/efficientnet_reject_v2/images/ood_reject_noise_18_032.png,synthetic_ood_reject_v2,ood_reject_noise_18_032,SYNTHETIC_OOD_REJECT,ood_reject_canvas,1c39ae86d5554d8a622eb1574e28ff4464cac0ba33141ba7431113374c6374f1
ood_reject_noise_19_033,train,ood_reject,ood_reject:noise_19,data/datasets/efficientnet_reject_v2/images/ood_reject_noise_19_033.png,synthetic_ood_reject_v2,ood_reject_noise_19_033,SYNTHETIC_OOD_REJECT,ood_reject_canvas,957c009cf92f6ad3b478b87767a51590c63c2c613daff03c8517ac03a233570a
ood_reject_noise_1_015,train,ood_reject,ood_reject:noise_1,data/datasets/efficientnet_reject_v2/images/ood_reject_noise_1_015.png,synthetic_ood_reject_v2,ood_reject_noise_1_015,SYNTHETIC_OOD_REJECT,ood_reject_canvas,9941a1d1291963cb913425a05fe702396dbffe6f29ae7e07b92d3933c5e417dd
ood_reject_noise_20_034,train,ood_reject,ood_reject:noise_20,data/datasets/efficientnet_reject_v2/images/ood_reject_noise_20_034.png,synthetic_ood_reject_v2,ood_reject_noise_20_034,SYNTHETIC_OOD_REJECT,ood_reject_canvas,0ebbaac2f21a2e62d677237ea2c64b776b2303a220b91111dc8d5a677a90ef2b
ood_reject_noise_22_036,train,ood_reject,ood_reject:noise_22,data/datasets/efficientnet_reject_v2/images/ood_reject_noise_22_036.png,synthetic_ood_reject_v2,ood_reject_noise_22_036,SYNTHETIC_OOD_REJECT,ood_reject_canvas,ec982a7d6261ee1f0e9d7eb785cb597cbc97bf2e52736454b6014394bc8f97a2
ood_reject_noise_23_037,train,ood_reject,ood_reject:noise_23,data/datasets/efficientnet_reject_v2/images/ood_reject_noise_23_037.png,synthetic_ood_reject_v2,ood_reject_noise_23_037,SYNTHETIC_OOD_REJECT,ood_reject_canvas,410ba6af9f2ef03fad85ce680463ab268407cd8195db27e4cd54a1e9d5adf857
ood_reject_noise_4_018,train,ood_reject,ood_reject:noise_4,data/datasets/efficientnet_reject_v2/images/ood_reject_noise_4_018.png,synthetic_ood_reject_v2,ood_reject_noise_4_018,SYNTHETIC_OOD_REJECT,ood_reject_canvas,ca0e97153ac8c508b039b696cb8898450f0ee72b1acc13adc30b693e829db090
ood_reject_noise_5_019,train,ood_reject,ood_reject:noise_5,data/datasets/efficientnet_reject_v2/images/ood_reject_noise_5_019.png,synthetic_ood_reject_v2,ood_reject_noise_5_019,SYNTHETIC_OOD_REJECT,ood_reject_canvas,d164517e3fff5caf7069073cb0f8e6b385fc8d15b44b62091f6320e3b82392df
ood_reject_noise_6_020,train,ood_reject,ood_reject:noise_6,data/datasets/efficientnet_reject_v2/images/ood_reject_noise_6_020.png,synthetic_ood_reject_v2,ood_reject_noise_6_020,SYNTHETIC_OOD_REJECT,ood_reject_canvas,455e30d8c7fb9a8f56dddb15f5e419bf102401cdddb8133ab511dfb16258746a
ood_reject_noise_7_021,train,ood_reject,ood_reject:noise_7,data/datasets/efficientnet_reject_v2/images/ood_reject_noise_7_021.png,synthetic_ood_reject_v2,ood_reject_noise_7_021,SYNTHETIC_OOD_REJECT,ood_reject_canvas,fec210ef53a62baec55f77d8530cbc596a4cece5df5d914455a028bb6a3746c0
ood_reject_noise_8_022,train,ood_reject,ood_reject:noise_8,data/datasets/efficientnet_reject_v2/images/ood_reject_noise_8_022.png,synthetic_ood_reject_v2,ood_reject_noise_8_022,SYNTHETIC_OOD_REJECT,ood_reject_canvas,efced641c36fd839246fe7d7245ec643de913f3847bfbd2a3e66b756ec7ba850
ood_reject_noisy_gray_0_038,train,ood_reject,ood_reject:noisy_gray_0,data/datasets/efficientnet_reject_v2/images/ood_reject_noisy_gray_0_038.png,synthetic_ood_reject_v2,ood_reject_noisy_gray_0_038,SYNTHETIC_OOD_REJECT,ood_reject_canvas,98ce659f61b4bb7bead1ec64e7e5a746900843b56dddc074a680db85504744fa
ood_reject_noisy_gray_1_039,train,ood_reject,ood_reject:noisy_gray_1,data/datasets/efficientnet_reject_v2/images/ood_reject_noisy_gray_1_039.png,synthetic_ood_reject_v2,ood_reject_noisy_gray_1_039,SYNTHETIC_OOD_REJECT,ood_reject_canvas,55cc9af675cab96782292d9da098744cf5a9bda3f194ab20b217c1f23c03077f
ood_reject_noisy_gray_2_040,train,ood_reject,ood_reject:noisy_gray_2,data/datasets/efficientnet_reject_v2/images/ood_reject_noisy_gray_2_040.png,synthetic_ood_reject_v2,ood_reject_noisy_gray_2_040,SYNTHETIC_OOD_REJECT,ood_reject_canvas,c75ca5aae8e5ded7deba699b7c20f6e40991992d0acb0826e52c712c5eca84f2
ood_reject_noisy_gray_4_042,train,ood_reject,ood_reject:noisy_gray_4,data/datasets/efficientnet_reject_v2/images/ood_reject_noisy_gray_4_042.png,synthetic_ood_reject_v2,ood_reject_noisy_gray_4_042,SYNTHETIC_OOD_REJECT,ood_reject_canvas,e202b99acc05b62099cdc306594e9b3d858f1261c483ef7f463269c7fa15f6f7
ood_reject_noisy_gray_5_043,train,ood_reject,ood_reject:noisy_gray_5,data/datasets/efficientnet_reject_v2/images/ood_reject_noisy_gray_5_043.png,synthetic_ood_reject_v2,ood_reject_noisy_gray_5_043,SYNTHETIC_OOD_REJECT,ood_reject_canvas,cec38a4ebdea50daa013f2695a54840e904ccae2687e51c354f256be28b6ccc0
ood_reject_red_013,train,ood_reject,ood_reject:red,data/datasets/efficientnet_reject_v2/images/ood_reject_red_013.png,synthetic_ood_reject_v2,ood_reject_red_013,SYNTHETIC_OOD_REJECT,ood_reject_canvas,b555e6996b74778ec65885936f5ba0ada374e39f0f3cffc691a45b26c548b312
yolo_raw_synthetic_wound__syn_wound_0001,val,bruise,drawing_yolo_raw_synthetic_wound__syn_wound_0001,data/datasets/efficientnet_reject_v2/images/bruise_yolo_raw_synthetic_wound__syn_wound_0001.png,yolo_processed,data/datasets/efficientnet_processed/images/val/yolo_raw_synthetic_wound__syn_wound_0001.jpg,SYNTHETIC,,bd773b45fe4e5c167863263c66a45d2eab6ca9a64eb7420a64837c2ee3e7fd51
yolo_raw_synthetic_wound__syn_wound_0020,val,bruise,drawing_yolo_raw_synthetic_wound__syn_wound_0020,data/datasets/efficientnet_reject_v2/images/bruise_yolo_raw_synthetic_wound__syn_wound_0020.png,yolo_processed,data/datasets/efficientnet_processed/images/train/yolo_raw_synthetic_wound__syn_wound_0020.jpg,SYNTHETIC,,19957e89f860be0290b3f789883c1c4357936a6cff62e45d5b39b2772fd13a60
yolo_raw_synthetic_wound__syn_wound_0037,val,bruise,drawing_yolo_raw_synthetic_wound__syn_wound_0037,data/datasets/efficientnet_reject_v2/images/bruise_yolo_raw_synthetic_wound__syn_wound_0037.png,yolo_processed,data/datasets/efficientnet_processed/images/val/yolo_raw_synthetic_wound__syn_wound_0037.jpg,SYNTHETIC,,c69af37313f44f89e471e11d41d6044f87d5e709773afbc858a3f1d944f05018
yolo_raw_synthetic_wound__syn_wound_0096,val,bruise,drawing_yolo_raw_synthetic_wound__syn_wound_0096,data/datasets/efficientnet_reject_v2/images/bruise_yolo_raw_synthetic_wound__syn_wound_0096.png,yolo_processed,data/datasets/efficientnet_processed/images/train/yolo_raw_synthetic_wound__syn_wound_0096.jpg,SYNTHETIC,,5a0483320ab6d407c420de08428b3ea7e47217c6f3fec1610e80963f28d26b48
yolo_raw_synthetic_wound__syn_wound_0132,val,bruise,drawing_yolo_raw_synthetic_wound__syn_wound_0132,data/datasets/efficientnet_reject_v2/images/bruise_yolo_raw_synthetic_wound__syn_wound_0132.png,yolo_processed,data/datasets/efficientnet_processed/images/test/yolo_raw_synthetic_wound__syn_wound_0132.jpg,SYNTHETIC,,e7ca49deab84570ffcbe1c3dc59dc2fac8eb7f75ccf47f4c23083e6f64079c40
yolo_raw_synthetic_wound__syn_wound_0139,val,bruise,drawing_yolo_raw_synthetic_wound__syn_wound_0139,data/datasets/efficientnet_reject_v2/images/bruise_yolo_raw_synthetic_wound__syn_wound_0139.png,yolo_processed,data/datasets/efficientnet_processed/images/train/yolo_raw_synthetic_wound__syn_wound_0139.jpg,SYNTHETIC,,6bda740380435dff940f85df47ab52b87b55e3e50c3e76181adab40167e773cf
yolo_raw_synthetic_wound__syn_wound_0153,val,bruise,drawing_yolo_raw_synthetic_wound__syn_wound_0153,data/datasets/efficientnet_reject_v2/images/bruise_yolo_raw_synthetic_wound__syn_wound_0153.png,yolo_processed,data/datasets/efficientnet_processed/images/train/yolo_raw_synthetic_wound__syn_wound_0153.jpg,SYNTHETIC,,3f82065f4aeaf52b4dce9bdea5e61219309375d7fa7c2fe9ff90a962910aed1c
yolo_raw_synthetic_wound__syn_wound_0171,val,bruise,drawing_yolo_raw_synthetic_wound__syn_wound_0171,data/datasets/efficientnet_reject_v2/images/bruise_yolo_raw_synthetic_wound__syn_wound_0171.png,yolo_processed,data/datasets/efficientnet_processed/images/test/yolo_raw_synthetic_wound__syn_wound_0171.jpg,SYNTHETIC,,f5e8be7d6f8d78b9f33ddf496ecb959040909ecea6d159e740bc9d959295c7ee
yolo_raw_synthetic_wound__syn_wound_0208,val,bruise,drawing_yolo_raw_synthetic_wound__syn_wound_0208,data/datasets/efficientnet_reject_v2/images/bruise_yolo_raw_synthetic_wound__syn_wound_0208.png,yolo_processed,data/datasets/efficientnet_processed/images/train/yolo_raw_synthetic_wound__syn_wound_0208.jpg,SYNTHETIC,,4692bd9a0fea511b4f37be098ca0395e401c486622b74176d55253dc08df5cb8
yolo_raw_synthetic_wound__syn_wound_0216,val,bruise,drawing_yolo_raw_synthetic_wound__syn_wound_0216,data/datasets/efficientnet_reject_v2/images/bruise_yolo_raw_synthetic_wound__syn_wound_0216.png,yolo_processed,data/datasets/efficientnet_processed/images/test/yolo_raw_synthetic_wound__syn_wound_0216.jpg,SYNTHETIC,,f5dfdeaf11980dbe2ab8c21db482087de465c06b73adf5211068993ca2896442
yolo_raw_synthetic_wound__syn_wound_0049,val,cut,drawing_yolo_raw_synthetic_wound__syn_wound_0049,data/datasets/efficientnet_reject_v2/images/cut_yolo_raw_synthetic_wound__syn_wound_0049.png,yolo_processed,data/datasets/efficientnet_processed/images/train/yolo_raw_synthetic_wound__syn_wound_0049.jpg,SYNTHETIC,,6439e844b70b87e92aac70808abde5d7423dcc276fb13032f8eaceb72fd9874c
yolo_raw_synthetic_wound__syn_wound_0066,val,cut,drawing_yolo_raw_synthetic_wound__syn_wound_0066,data/datasets/efficientnet_reject_v2/images/cut_yolo_raw_synthetic_wound__syn_wound_0066.png,yolo_processed,data/datasets/efficientnet_processed/images/train/yolo_raw_synthetic_wound__syn_wound_0066.jpg,SYNTHETIC,,b0e6f46b5396e49ce83f7eb2559f5950b31efbf4565e6014169bb2ae4c960742
yolo_raw_synthetic_wound__syn_wound_0072,val,cut,drawing_yolo_raw_synthetic_wound__syn_wound_0072,data/datasets/efficientnet_reject_v2/images/cut_yolo_raw_synthetic_wound__syn_wound_0072.png,yolo_processed,data/datasets/efficientnet_processed/images/train/yolo_raw_synthetic_wound__syn_wound_0072.jpg,SYNTHETIC,,64bbc2d64491927b41e5bdb641d42120df4c36428cb0b07c6cbafcec7c112abc
yolo_raw_synthetic_wound__syn_wound_0103,val,cut,drawing_yolo_raw_synthetic_wound__syn_wound_0103,data/datasets/efficientnet_reject_v2/images/cut_yolo_raw_synthetic_wound__syn_wound_0103.png,yolo_processed,data/datasets/efficientnet_processed/images/train/yolo_raw_synthetic_wound__syn_wound_0103.jpg,SYNTHETIC,,a1d1ca0d3df9f04b919bffa1738f2c345902f8804808334e085e92ce73d215f8
yolo_raw_synthetic_wound__syn_wound_0110,val,cut,drawing_yolo_raw_synthetic_wound__syn_wound_0110,data/datasets/efficientnet_reject_v2/images/cut_yolo_raw_synthetic_wound__syn_wound_0110.png,yolo_processed,data/datasets/efficientnet_processed/images/train/yolo_raw_synthetic_wound__syn_wound_0110.jpg,SYNTHETIC,,3be5f5a00c0abc9e98585c304fc5331ce739c7d0207ed81f3932307eb198498a
yolo_raw_synthetic_wound__syn_wound_0133,val,cut,drawing_yolo_raw_synthetic_wound__syn_wound_0133,data/datasets/efficientnet_reject_v2/images/cut_yolo_raw_synthetic_wound__syn_wound_0133.png,yolo_processed,data/datasets/efficientnet_processed/images/val/yolo_raw_synthetic_wound__syn_wound_0133.jpg,SYNTHETIC,,c4d8df976c4f8b2860c974459ff430936961a18a4a3c9621faf93b4d89445b9c
yolo_raw_synthetic_wound__syn_wound_0170,val,cut,drawing_yolo_raw_synthetic_wound__syn_wound_0170,data/datasets/efficientnet_reject_v2/images/cut_yolo_raw_synthetic_wound__syn_wound_0170.png,yolo_processed,data/datasets/efficientnet_processed/images/train/yolo_raw_synthetic_wound__syn_wound_0170.jpg,SYNTHETIC,,a780473470fff5928ea5134e41126d3e151afa588a1c5a786cb903c56bd7f8e5
yolo_raw_synthetic_wound__syn_wound_0183,val,cut,drawing_yolo_raw_synthetic_wound__syn_wound_0183,data/datasets/efficientnet_reject_v2/images/cut_yolo_raw_synthetic_wound__syn_wound_0183.png,yolo_processed,data/datasets/efficientnet_processed/images/train/yolo_raw_synthetic_wound__syn_wound_0183.jpg,SYNTHETIC,,00a3883595de0d1c41ef5a44e475b6f6f916833a8f457d5654a357fe03ad5bde
yolo_raw_synthetic_wound__syn_wound_0202,val,cut,drawing_yolo_raw_synthetic_wound__syn_wound_0202,data/datasets/efficientnet_reject_v2/images/cut_yolo_raw_synthetic_wound__syn_wound_0202.png,yolo_processed,data/datasets/efficientnet_processed/images/val/yolo_raw_synthetic_wound__syn_wound_0202.jpg,SYNTHETIC,,b6cd253278e1f1391871f0e1df5f731c927e1caec12acf24bca9037c8c2604fd
normal_azh_patches_3ffb36f9bb2cafacf396c327f4df1cfc_0013,val,normal,azh_patches:3ffb36f9bb2cafacf396c327f4df1cfc,data/datasets/efficientnet_reject_v2/images/normal_azh_patches_3ffb36f9bb2cafacf396c327f4df1cfc_0013.png,azh_patches,data/datasets/external/azh_patches/train/images/3ffb36f9bb2cafacf396c327f4df1cfc_0.png,PUBLIC_REAL_PHOTOS,empty_region_crop,16300698375efd364996ac1f5156e2b6c567a108c6c074f9fb65197cae8ea85d
normal_azh_patches_7cfe36aa0005e72da7025dbc0a9f891b_0016,val,normal,azh_patches:7cfe36aa0005e72da7025dbc0a9f891b,data/datasets/efficientnet_reject_v2/images/normal_azh_patches_7cfe36aa0005e72da7025dbc0a9f891b_0016.png,azh_patches,data/datasets/external/azh_patches/train/images/7cfe36aa0005e72da7025dbc0a9f891b_0.png,PUBLIC_REAL_PHOTOS,empty_region_crop,ce29585373b746dcdac7c66e74e0d10876eead6eec38c2509c036e8df44bf633
normal_azh_patches_e68502402f187ab793e1d417ca28eddc_0017,val,normal,azh_patches:e68502402f187ab793e1d417ca28eddc,data/datasets/efficientnet_reject_v2/images/normal_azh_patches_e68502402f187ab793e1d417ca28eddc_0017.png,azh_patches,data/datasets/external/azh_patches/test/images/e68502402f187ab793e1d417ca28eddc_0.png,PUBLIC_REAL_PHOTOS,empty_region_crop,52a18a4257abf39ebf7c1c418b1d4a754bcd0d24796ed57020479ace0f60e245
ood_reject_gray_000,val,ood_reject,ood_reject:gray,data/datasets/efficientnet_reject_v2/images/ood_reject_gray_000.png,synthetic_ood_reject_v2,ood_reject_gray_000,SYNTHETIC_OOD_REJECT,ood_reject_canvas,68445da152a95b73515db5a725340d88e0753617b0066c3ca7f520fa214962c1
ood_reject_gray_001,val,ood_reject,ood_reject:gray,data/datasets/efficientnet_reject_v2/images/ood_reject_gray_001.png,synthetic_ood_reject_v2,ood_reject_gray_001,SYNTHETIC_OOD_REJECT,ood_reject_canvas,6891ee798e8c8d877a716a121ca8e4281d750664eb760dd32852ac871b801c11
ood_reject_gray_002,val,ood_reject,ood_reject:gray,data/datasets/efficientnet_reject_v2/images/ood_reject_gray_002.png,synthetic_ood_reject_v2,ood_reject_gray_002,SYNTHETIC_OOD_REJECT,ood_reject_canvas,6fc04fc8c2f6f22c3fbc64b9202839f7ce5449e7862beeb3e20be4a9d7a33d12
ood_reject_gray_003,val,ood_reject,ood_reject:gray,data/datasets/efficientnet_reject_v2/images/ood_reject_gray_003.png,synthetic_ood_reject_v2,ood_reject_gray_003,SYNTHETIC_OOD_REJECT,ood_reject_canvas,7f1fdbc2b2f826d3c078823f3475437ad3156ba58be02fa9db7b0e681cf66171
ood_reject_gray_004,val,ood_reject,ood_reject:gray,data/datasets/efficientnet_reject_v2/images/ood_reject_gray_004.png,synthetic_ood_reject_v2,ood_reject_gray_004,SYNTHETIC_OOD_REJECT,ood_reject_canvas,9c008645ac0bfb550716b01c72cffdf83d8e25b4071cda256f63af5ecc2add34
ood_reject_gray_005,val,ood_reject,ood_reject:gray,data/datasets/efficientnet_reject_v2/images/ood_reject_gray_005.png,synthetic_ood_reject_v2,ood_reject_gray_005,SYNTHETIC_OOD_REJECT,ood_reject_canvas,4a6ad4107de6cf7574ba6ba5dba229f3787ea00f24c382253641c32cbe1bb3a2
ood_reject_gray_006,val,ood_reject,ood_reject:gray,data/datasets/efficientnet_reject_v2/images/ood_reject_gray_006.png,synthetic_ood_reject_v2,ood_reject_gray_006,SYNTHETIC_OOD_REJECT,ood_reject_canvas,0b74322a6e3ff2d50ace9b52f9f4c5f925e75c5c5f324cb1e510cf98036c1754
ood_reject_gray_007,val,ood_reject,ood_reject:gray,data/datasets/efficientnet_reject_v2/images/ood_reject_gray_007.png,synthetic_ood_reject_v2,ood_reject_gray_007,SYNTHETIC_OOD_REJECT,ood_reject_canvas,06dd4abe532b6487fa0e68568a56484fb5b613d1de16cca360662348fab45a8e
ood_reject_gray_008,val,ood_reject,ood_reject:gray,data/datasets/efficientnet_reject_v2/images/ood_reject_gray_008.png,synthetic_ood_reject_v2,ood_reject_gray_008,SYNTHETIC_OOD_REJECT,ood_reject_canvas,155bde26004e84abb5d847913c172d6c3dd074e80b733d88b22353c0fb1eb676
ood_reject_noise_11_025,val,ood_reject,ood_reject:noise_11,data/datasets/efficientnet_reject_v2/images/ood_reject_noise_11_025.png,synthetic_ood_reject_v2,ood_reject_noise_11_025,SYNTHETIC_OOD_REJECT,ood_reject_canvas,3dc2f072a1b221d2dc5a925f2fdf58806dcf836914c16b439f385c7cae0406dc
ood_reject_noise_15_029,val,ood_reject,ood_reject:noise_15,data/datasets/efficientnet_reject_v2/images/ood_reject_noise_15_029.png,synthetic_ood_reject_v2,ood_reject_noise_15_029,SYNTHETIC_OOD_REJECT,ood_reject_canvas,3f68eb8b43b9eba2cf2f65b0d9453d93fbbce44ea9a853b687b96d03ded4fdbe
ood_reject_noise_2_016,val,ood_reject,ood_reject:noise_2,data/datasets/efficientnet_reject_v2/images/ood_reject_noise_2_016.png,synthetic_ood_reject_v2,ood_reject_noise_2_016,SYNTHETIC_OOD_REJECT,ood_reject_canvas,5665ff3ceb07d347f17f31516f5d1173670792c5139e6821f8c12d54996dcda9
ood_reject_noise_9_023,val,ood_reject,ood_reject:noise_9,data/datasets/efficientnet_reject_v2/images/ood_reject_noise_9_023.png,synthetic_ood_reject_v2,ood_reject_noise_9_023,SYNTHETIC_OOD_REJECT,ood_reject_canvas,343655b70ec987feeeffec8b3d9eba8959f2d45c7ab56634305344ecdc927f7c
ood_reject_noisy_gray_3_041,val,ood_reject,ood_reject:noisy_gray_3,data/datasets/efficientnet_reject_v2/images/ood_reject_noisy_gray_3_041.png,synthetic_ood_reject_v2,ood_reject_noisy_gray_3_041,SYNTHETIC_OOD_REJECT,ood_reject_canvas,7de18f8e8fcaa544adb314296fec523275bdb5677015223c57f7797ebbe3ff51
