sample_id,split,class,image_path,source_dataset,source_path,provenance,pixel_sha256,negative
yolo_raw_synthetic_wound__syn_wound_0005,test,bruise,data/datasets/efficientnet_processed/images/test/yolo_raw_synthetic_wound__syn_wound_0005.jpg,yolo_processed,data/datasets/yolo_processed/images/train/raw_synthetic_wound__syn_wound_0005.jpg,SYNTHETIC,fe3afd7ec0b85042da1c11f2985f1f6fcbd99851aea29c6e872819db08dab1ed,False
yolo_raw_synthetic_wound__syn_wound_0008,test,bruise,data/datasets/efficientnet_processed/images/test/yolo_raw_synthetic_wound__syn_wound_0008.jpg,yolo_processed,data/datasets/yolo_processed/images/train/raw_synthetic_wound__syn_wound_0008.jpg,SYNTHETIC,ff7af743d0632bfc6b83e790379c882ce5a7882dcb4aa927f4d70b907284912e,False
yolo_raw_synthetic_wound__syn_wound_0023,test,bruise,data/datasets/efficientnet_processed/images/test/yolo_raw_synthetic_wound__syn_wound_0023.jpg,yolo_processed,data/datasets/yolo_processed/images/train/raw_synthetic_wound__syn_wound_0023.jpg,SYNTHETIC,dca6bf88146600b7120b7828b22e574b4e3bebe247d4b2e0ab99a4622160a3c8,False
yolo_raw_synthetic_wound__syn_wound_0029,test,bruise,data/datasets/efficientnet_processed/images/test/yolo_raw_synthetic_wound__syn_wound_0029.jpg,yolo_processed,data/datasets/yolo_processed/images/train/raw_synthetic_wound__syn_wound_0029.jpg,SYNTHETIC,f46fe43dcbbb30707ae99bc3a025b1c3fee6f3b358cf68a9a2056bbf07b9aebd,False
yolo_raw_synthetic_wound__syn_wound_0070,test,bruise,data/datasets/efficientnet_processed/images/test/yolo_raw_synthetic_wound__syn_wound_0070.jpg,yolo_processed,data/datasets/yolo_processed/images/train/raw_synthetic_wound__syn_wound_0070.jpg,SYNTHETIC,f3689ecd8f1e6935a32cb1951cf18c6ffa542eef3214e7a25d595d3b0c27bcdc,False
yolo_raw_synthetic_wound__syn_wound_0109,test,bruise,data/datasets/efficientnet_processed/images/test/yolo_raw_synthetic_wound__syn_wound_0109.jpg,yolo_processed,data/datasets/yolo_processed/images/train/raw_synthetic_wound__syn_wound_0109.jpg,SYNTHETIC,d72cae4e9aa483c552679ee8a48e1bcdd8f3a91cfe82d20c88b0d21f5153b77d,False
yolo_raw_synthetic_wound__syn_wound_0119,test,bruise,data/datasets/efficientnet_processed/images/test/yolo_raw_synthetic_wound__syn_wound_0119.jpg,yolo_processed,data/datasets/yolo_processed/images/train/raw_synthetic_wound__syn_wound_0119.jpg,SYNTHETIC,ebf97dd12e2d7a9299c02a6a4afc9bb4d42e22f9b15559dd20775a8f46b04022,False
yolo_raw_synthetic_wound__syn_wound_0132,test,bruise,data/datasets/efficientnet_processed/images/test/yolo_raw_synthetic_wound__syn_wound_0132.jpg,yolo_processed,data/datasets/yolo_processed/images/train/raw_synthetic_wound__syn_wound_0132.jpg,SYNTHETIC,e7ca49deab84570ffcbe1c3dc59dc2fac8eb7f75ccf47f4c23083e6f64079c40,False
yolo_raw_synthetic_wound__syn_wound_0171,test,bruise,data/datasets/efficientnet_processed/images/test/yolo_raw_synthetic_wound__syn_wound_0171.jpg,yolo_processed,data/datasets/yolo_processed/images/val/raw_synthetic_wound__syn_wound_0171.jpg,SYNTHETIC,f5e8be7d6f8d78b9f33ddf496ecb959040909ecea6d159e740bc9d959295c7ee,False
yolo_raw_synthetic_wound__syn_wound_0216,test,bruise,data/datasets/efficientnet_processed/images/test/yolo_raw_synthetic_wound__syn_wound_0216.jpg,yolo_processed,data/datasets/yolo_processed/images/test/raw_synthetic_wound__syn_wound_0216.jpg,SYNTHETIC,f5dfdeaf11980dbe2ab8c21db482087de465c06b73adf5211068993ca2896442,False
yolo_raw_synthetic_wound__syn_wound_0018,test,cut,data/datasets/efficientnet_processed/images/test/yolo_raw_synthetic_wound__syn_wound_0018.jpg,yolo_processed,data/datasets/yolo_processed/images/train/raw_synthetic_wound__syn_wound_0018.jpg,SYNTHETIC,f7602ae01c1b22d3bc57bb83551d56c36744362e6268c75aaae745c604ddc529,False
yolo_raw_synthetic_wound__syn_wound_0034,test,cut,data/datasets/efficientnet_processed/images/test/yolo_raw_synthetic_wound__syn_wound_0034.jpg,yolo_processed,data/datasets/yolo_processed/images/train/raw_synthetic_wound__syn_wound_0034.jpg,SYNTHETIC,ea0a2241645f7b9bc27bae74f12e5b4cc97d39743ef6ffdd091bff7c7c21eb08,False
yolo_raw_synthetic_wound__syn_wound_0079,test,cut,data/datasets/efficientnet_processed/images/test/yolo_raw_synthetic_wound__syn_wound_0079.jpg,yolo_processed,data/datasets/yolo_processed/images/train/raw_synthetic_wound__syn_wound_0079.jpg,SYNTHETIC,f11b77dbe997f6fea8f7be4fe6cf625af42235efc734a4d69d0340d197441cde,False
yolo_raw_synthetic_wound__syn_wound_0082,test,cut,data/datasets/efficientnet_processed/images/test/yolo_raw_synthetic_wound__syn_wound_0082.jpg,yolo_processed,data/datasets/yolo_processed/images/train/raw_synthetic_wound__syn_wound_0082.jpg,SYNTHETIC,e24ba378824690572242890fa7cb017eb872e6e03acb96dfc8bb93df52fddc74,False
yolo_raw_synthetic_wound__syn_wound_0085,test,cut,data/datasets/efficientnet_processed/images/test/yolo_raw_synthetic_wound__syn_wound_0085.jpg,yolo_processed,data/datasets/yolo_processed/images/train/raw_synthetic_wound__syn_wound_0085.jpg,SYNTHETIC,f2a94813604040da8886d386e7b4019146e7e2a74ab6cf5611007ba2760d22ee,False
yolo_raw_synthetic_wound__syn_wound_0137,test,cut,data/datasets/efficientnet_processed/images/test/yolo_raw_synthetic_wound__syn_wound_0137.jpg,yolo_processed,data/datasets/yolo_processed/images/train/raw_synthetic_wound__syn_wound_0137.jpg,SYNTHETIC,e8aa78af2c62c860e4af7db9f2df5d3d3315ac418de446853ebae9239090b4e3,False
yolo_raw_synthetic_wound__syn_wound_0141,test,cut,data/datasets/efficientnet_processed/images/test/yolo_raw_synthetic_wound__syn_wound_0141.jpg,yolo_processed,data/datasets/yolo_processed/images/train/raw_synthetic_wound__syn_wound_0141.jpg,SYNTHETIC,fd8d1401feb9212d35992f2661e2c6bfa7a3f758b43220a96bcc7620eea00e9b,False
yolo_raw_synthetic_wound__syn_wound_0200,test,cut,data/datasets/efficientnet_processed/images/test/yolo_raw_synthetic_wound__syn_wound_0200.jpg,yolo_processed,data/datasets/yolo_processed/images/test/raw_synthetic_wound__syn_wound_0200.jpg,SYNTHETIC,e2f3bfd429480ed5cc17463925d9df218b8b4662f1faac17901b1251b9cd08cc,False
yolo_yolo_real_wound__public_sample_0001,test,cut,data/datasets/efficientnet_processed/images/test/yolo_yolo_real_wound__public_sample_0001.jpg,yolo_processed,data/datasets/yolo_processed/images/test/yolo_real_wound__public_sample_0001.jpg,SYNTHETIC,f3a0596e8cd0212b0435977128635e66bd899c555bf9a3e2f923ec665b044d71,False
injury_sample_0002,train,bruise,data/datasets/efficientnet_processed/images/train/injury_sample_0002.jpg,injury_dataset,data/datasets/injury_dataset/images/sample_0002.jpg,SYNTHETIC,34f64ba8d94f4e4cdfd207fb08ee5c2e5176b6a9f9859d54357eb4c4657f3409,False
yolo_raw_synthetic_wound__syn_wound_0007,train,bruise,data/datasets/efficientnet_processed/images/train/yolo_raw_synthetic_wound__syn_wound_0007.jpg,yolo_processed,data/datasets/yolo_processed/images/train/raw_synthetic_wound__syn_wound_0007.jpg,SYNTHETIC,6a909cf3749b2d12ef8cc7083d708811e978cf3fd78d380a940f9be622ddd58d,False
yolo_raw_synthetic_wound__syn_wound_0012,train,bruise,data/datasets/efficientnet_processed/images/train/yolo_raw_synthetic_wound__syn_wound_0012.jpg,yolo_processed,data/datasets/yolo_processed/images/train/raw_synthetic_wound__syn_wound_0012.jpg,SYNTHETIC,9b6ccf23860a926d4babfa9d1c9e20c120d96bf9581d4acbf816c21eea1a155f,False
yolo_raw_synthetic_wound__syn_wound_0017,train,bruise,data/datasets/efficientnet_processed/images/train/yolo_raw_synthetic_wound__syn_wound_0017.jpg,yolo_processed,data/datasets/yolo_processed/images/train/raw_synthetic_wound__syn_wound_0017.jpg,SYNTHETIC,35778770cbee75a6e9f64bd9087296679d3b6611d2e2d02100c7cd38c6ddcf38,False
yolo_raw_synthetic_wound__syn_wound_0020,train,bruise,data/datasets/efficientnet_processed/images/train/yolo_raw_synthetic_wound__syn_wound_0020.jpg,yolo_processed,data/datasets/yolo_processed/images/train/raw_synthetic_wound__syn_wound_0020.jpg,SYNTHETIC,19957e89f860be0290b3f789883c1c4357936a6cff62e45d5b39b2772fd13a60,False
yolo_raw_synthetic_wound__syn_wound_0027,train,bruise,data/datasets/efficientnet_processed/images/train/yolo_raw_synthetic_wound__syn_wound_0027.jpg,yolo_processed,data/datasets/yolo_processed/images/train/raw_synthetic_wound__syn_wound_0027.jpg,SYNTHETIC,16df5da17808b93118b40c2908dd16bf0da90f202554ac487493d590da015925,False
yolo_raw_synthetic_wound__syn_wound_0039,train,bruise,data/datasets/efficientnet_processed/images/train/yolo_raw_synthetic_wound__syn_wound_0039.jpg,yolo_processed,data/datasets/yolo_processed/images/train/raw_synthetic_wound__syn_wound_0039.jpg,SYNTHETIC,346865bafda069544c7a637b905f8aeb80efe9a07efe198e42a1e7ac1ea59889,False
yolo_raw_synthetic_wound__syn_wound_0041,train,bruise,data/datasets/efficientnet_processed/images/train/yolo_raw_synthetic_wound__syn_wound_0041.jpg,yolo_processed,data/datasets/yolo_processed/images/train/raw_synthetic_wound__syn_wound_0041.jpg,SYNTHETIC,093bb23e43ddc222e755c2592bdfc2389d7bf19b519bad7849275fc4e569e94a,False
yolo_raw_synthetic_wound__syn_wound_0065,train,bruise,data/datasets/efficientnet_processed/images/train/yolo_raw_synthetic_wound__syn_wound_0065.jpg,yolo_processed,data/datasets/yolo_processed/images/train/raw_synthetic_wound__syn_wound_0065.jpg,SYNTHETIC,9ed56f4479add9efd6db10ff36cdb7a8bd4f639b1fbb2aa96d12cd26a0b37624,False
yolo_raw_synthetic_wound__syn_wound_0067,train,bruise,data/datasets/efficientnet_processed/images/train/yolo_raw_synthetic_wound__syn_wound_0067.jpg,yolo_processed,data/datasets/yolo_processed/images/train/raw_synthetic_wound__syn_wound_0067.jpg,SYNTHETIC,6741928fab9af0524d795357d9cdcf2d3f67fbb508ac920ef5e3b465994d8aaf,False
yolo_raw_synthetic_wound__syn_wound_0069,train,bruise,data/datasets/efficientnet_processed/images/train/yolo_raw_synthetic_wound__syn_wound_0069.jpg,yolo_processed,data/datasets/yolo_processed/images/train/raw_synthetic_wound__syn_wound_0069.jpg,SYNTHETIC,247bc40d117f9c8baddff7db4b71e7363769b1a71128fcfd8a96621b5a8534b7,False
yolo_raw_synthetic_wound__syn_wound_0076,train,bruise,data/datasets/efficientnet_processed/images/train/yolo_raw_synthetic_wound__syn_wound_0076.jpg,yolo_processed,data/datasets/yolo_processed/images/train/raw_synthetic_wound__syn_wound_0076.jpg,SYNTHETIC,2aaa1bf11a7792f4b83daf797220e4939155cf5f315bddace7f90d683ef5afff,False
yolo_raw_synthetic_wound__syn_wound_0077,train,bruise,data/datasets/efficientnet_processed/images/train/yolo_raw_synthetic_wound__syn_wound_0077.jpg,yolo_processed,data/datasets/yolo_processed/images/train/raw_synthetic_wound__syn_wound_0077.jpg,SYNTHETIC,9c181d37d616cce531cfd537792ab1dbba6295eaadf022fab7d0a7e85be54e6d,False
yolo_raw_synthetic_wound__syn_wound_0088,train,bruise,data/datasets/efficientnet_processed/images/train/yolo_raw_synthetic_wound__syn_wound_0088.jpg,yolo_processed,data/datasets/yolo_processed/images/train/raw_synthetic_wound__syn_wound_0088.jpg,SYNTHETIC,7ffe369b219dab44c4d46c8bbd1f98a2202c8ee0048c2ffdbd667c9c044c65d1,False
yolo_raw_synthetic_wound__syn_wound_0091,train,bruise,data/datasets/efficientnet_processed/images/train/yolo_raw_synthetic_wound__syn_wound_0091.jpg,yolo_processed,data/datasets/yolo_processed/images/train/raw_synthetic_wound__syn_wound_0091.jpg,SYNTHETIC,37a040cfc0dfd3a4b71ff4c19b4cad54ded0e774c14bc6d7c91bafe7072f9c15,False
yolo_raw_synthetic_wound__syn_wound_0096,train,bruise,data/datasets/efficientnet_processed/images/train/yolo_raw_synthetic_wound__syn_wound_0096.jpg,yolo_processed,data/datasets/yolo_processed/images/train/raw_synthetic_wound__syn_wound_0096.jpg,SYNTHETIC,5a0483320ab6d407c420de08428b3ea7e47217c6f3fec1610e80963f28d26b48,False
yolo_raw_synthetic_wound__syn_wound_0099,train,bruise,data/datasets/efficientnet_processed/images/train/yolo_raw_synthetic_wound__syn_wound_0099.jpg,yolo_processed,data/datasets/yolo_processed/images/train/raw_synthetic_wound__syn_wound_0099.jpg,SYNTHETIC,2569f1099024b49c92547cf79fb5777df3a8f8b3210cdbc62abc657c0e8337dd,False
yolo_raw_synthetic_wound__syn_wound_0108,train,bruise,data/datasets/efficientnet_processed/images/train/yolo_raw_synthetic_wound__syn_wound_0108.jpg,yolo_processed,data/datasets/yolo_processed/images/train/raw_synthetic_wound__syn_wound_0108.jpg,SYNTHETIC,24870414d2cca379549bde5de5c314f6cb9255c3a120da4ce4ee3c275d5056d2,False
yolo_raw_synthetic_wound__syn_wound_0118,train,bruise,data/datasets/efficientnet_processed/images/train/yolo_raw_synthetic_wound__syn_wound_0118.jpg,yolo_processed,data/datasets/yolo_processed/images/train/raw_synthetic_wound__syn_wound_0118.jpg,SYNTHETIC,aac5a7919cb7191c71673879464770223866858b001308964d1fc1637c7e2b66,False
yolo_raw_synthetic_wound__syn_wound_0120,train,bruise,data/datasets/efficientnet_processed/images/train/yolo_raw_synthetic_wound__syn_wound_0120.jpg,yolo_processed,data/datasets/yolo_processed/images/train/raw_synthetic_wound__syn_wound_0120.jpg,SYNTHETIC,57095cfc3410f9ca31732d41597d03b6f423403e0b6efe0b7441221af19be614,False
yolo_raw_synthetic_wound__syn_wound_0130,train,bruise,data/datasets/efficientnet_processed/images/train/yolo_raw_synthetic_wound__syn_wound_0130.jpg,yolo_processed,data/datasets/yolo_processed/images/train/raw_synthetic_wound__syn_wound_0130.jpg,SYNTHETIC,b2b7dde77d0fe106dbe0f1599902c53eec0fbbe8b289223a336a34f58864e06e,False
yolo_raw_synthetic_wound__syn_wound_0136,train,bruise,data/datasets/efficientnet_processed/images/train/yolo_raw_synthetic_wound__syn_wound_0136.jpg,yolo_processed,data/datasets/yolo_processed/images/train/raw_synthetic_wound__syn_wound_0136.jpg,SYNTHETIC,3a4dbd65c84938706d553a87537cf75f24225c15233c18caeeaeaa1edd67f44f,False
yolo_raw_synthetic_wound__syn_wound_0139,train,bruise,data/datasets/efficientnet_processed/images/train/yolo_raw_synthetic_wound__syn_wound_0139.jpg,yolo_processed,data/datasets/yolo_processed/images/train/raw_synthetic_wound__syn_wound_0139.jpg,SYNTHETIC,6bda740380435dff940f85df47ab52b87b55e3e50c3e76181adab40167e773cf,False
yolo_raw_synthetic_wound__syn_wound_0142,train,bruise,data/datasets/efficientnet_processed/images/train/yolo_raw_synthetic_wound__syn_wound_0142.jpg,yolo_processed,data/datasets/yolo_processed/images/train/raw_synthetic_wound__syn_wound_0142.jpg,SYNTHETIC,558fb82bb3f0cb1a2042f87d968b5274b55e49b2be79c7bf2437319ad4d24014,False
yolo_raw_synthetic_wound__syn_wound_0146,train,bruise,data/datasets/efficientnet_processed/images/train/yolo_raw_synthetic_wound__syn_wound_0146.jpg,yolo_processed,data/datasets/yolo_processed/images/train/raw_synthetic_wound__syn_wound_0146.jpg,SYNTHETIC,2c277b193d76271b446c70e4c7bc475c8d0ddabc1d963313929a13ac2329d95a,False
yolo_raw_synthetic_wound__syn_wound_0150,train,bruise,data/datasets/efficientnet_processed/images/train/yolo_raw_synthetic_wound__syn_wound_0150.jpg,yolo_processed,data/datasets/yolo_processed/images/val/raw_synthetic_wound__syn_wound_0150.jpg,SYNTHETIC,3e46496c35a089cd7476e5cc0b24a7c4611962730bee8962addd19edead54ebd,False
yolo_raw_synthetic_wound__syn_wound_0153,train,bruise,data/datasets/efficientnet_processed/images/train/yolo_raw_synthetic_wound__syn_wound_0153.jpg,yolo_processed,data/datasets/yolo_processed/images/val/raw_synthetic_wound__syn_wound_0153.jpg,SYNTHETIC,3f82065f4aeaf52b4dce9bdea5e61219309375d7fa7c2fe9ff90a962910aed1c,False
yolo_raw_synthetic_wound__syn_wound_0156,train,bruise,data/datasets/efficientnet_processed/images/train/yolo_raw_synthetic_wound__syn_wound_0156.jpg,yolo_processed,data/datasets/yolo_processed/images/val/raw_synthetic_wound__syn_wound_0156.jpg,SYNTHETIC,6b3234a8179e25556ca254fe35b994cf13d26b76311590b70b4ae7b4e143f964,False
yolo_raw_synthetic_wound__syn_wound_0158,train,bruise,data/datasets/efficientnet_processed/images/train/yolo_raw_synthetic_wound__syn_wound_0158.jpg,yolo_processed,data/datasets/yolo_processed/images/val/raw_synthetic_wound__syn_wound_0158.jpg,SYNTHETIC,ad450b83253ad13b347826ee915c71ec16bcdf9d8c96cfbadc9087f69ff26e84,False
yolo_raw_synthetic_wound__syn_wound_0160,train,bruise,data/datasets/efficientnet_processed/images/train/yolo_raw_synthetic_wound__syn_wound_0160.jpg,yolo_processed,data/datasets/yolo_processed/images/val/raw_synthetic_wound__syn_wound_0160.jpg,SYNTHETIC,033f34872f2f97517b149bd54cbdfde7afa60f822978aa891bc1f7ebd7bb4faa,False
yolo_raw_synthetic_wound__syn_wound_0161,train,bruise,data/datasets/efficientnet_processed/images/train/yolo_raw_synthetic_wound__syn_wound_0161.jpg,yolo_processed,data/datasets/yolo_processed/images/val/raw_synthetic_wound__syn_wound_0161.jpg,SYNTHETIC,2011dbcdc9edcecd17db6c78f343cf50e4318dacf0f4f66505ed8089bf6f6463,False
yolo_raw_synthetic_wound__syn_wound_0172,train,bruise,data/datasets/efficientnet_processed/images/train/yolo_raw_synthetic_wound__syn_wound_0172.jpg,yolo_processed,data/datasets/yolo_processed/images/val/raw_synthetic_wound__syn_wound_0172.jpg,SYNTHETIC,22844990fd880462094f6b197a46664392044d17433073f250b79ad48063bf75,False
yolo_raw_synthetic_wound__syn_wound_0181,train,bruise,data/datasets/efficientnet_processed/images/train/yolo_raw_synthetic_wound__syn_wound_0181.jpg,yolo_processed,data/datasets/yolo_processed/images/val/raw_synthetic_wound__syn_wound_0181.jpg,SYNTHETIC,55d66d81809ee5dac8e5955d6b5fb1a802e0f086f71f0f59a03fa8ed2094f3fb,False
yolo_raw_synthetic_wound__syn_wound_0182,train,bruise,data/datasets/efficientnet_processed/images/train/yolo_raw_synthetic_wound__syn_wound_0182.jpg,yolo_processed,data/datasets/yolo_processed/images/val/raw_synthetic_wound__syn_wound_0182.jpg,SYNTHETIC,ace1d0125b7e1413b2a57d09858552a8bd829a58061a41b3a0e38fe6ce810c51,False
yolo_raw_synthetic_wound__syn_wound_0184,train,bruise,data/datasets/efficientnet_processed/images/train/yolo_raw_synthetic_wound__syn_wound_0184.jpg,yolo_processed,data/datasets/yolo_processed/images/val/raw_synthetic_wound__syn_wound_0184.jpg,SYNTHETIC,6ac2b3fde5e8225852846d07737e8eb04e037566c73510c2df59018a74bf4582,False
yolo_raw_synthetic_wound__syn_wound_0185,train,bruise,data/datasets/efficientnet_processed/images/train/yolo_raw_synthetic_wound__syn_wound_0185.jpg,yolo_processed,data/datasets/yolo_processed/images/test/raw_synthetic_wound__syn_wound_0185.jpg,SYNTHETIC,6611663f63c8679d808cf3e04ca451a678951e2e3cbd9db31f9e6bc87336144f,False
yolo_raw_synthetic_wound__syn_wound_0189,train,bruise,data/datasets/efficientnet_processed/images/train/yolo_raw_synthetic_wound__syn_wound_0189.jpg,yolo_processed,data/datasets/yolo_processed/images/test/raw_synthetic_wound__syn_wound_0189.jpg,SYNTHETIC,aafe3b2a05de215ba9b83e107dfcef362f108f86712697f3db5058f6be871ced,False
yolo_raw_synthetic_wound__syn_wound_0195,train,bruise,data/datasets/efficientnet_processed/images/train/yolo_raw_synthetic_wound__syn_wound_0195.jpg,yolo_processed,data/datasets/yolo_processed/images/test/raw_synthetic_wound__syn_wound_0195.jpg,SYNTHETIC,713e21fe7a098c0170304502e7289c20ba2547f5a30340140e98f90b56c1a09c,False
yolo_raw_synthetic_wound__syn_wound_0206,train,bruise,data/datasets/efficientnet_processed/images/train/yolo_raw_synthetic_wound__syn_wound_0206.jpg,yolo_processed,data/datasets/yolo_processed/images/test/raw_synthetic_wound__syn_wound_0206.jpg,SYNTHETIC,1d9af1ea5d22032e74242cd1283124ab4b207c203e3b2b2343f25f2b6895e1bc,False
yolo_raw_synthetic_wound__syn_wound_0207,train,bruise,data/datasets/efficientnet_processed/images/train/yolo_raw_synthetic_wound__syn_wound_0207.jpg,yolo_processed,data/datasets/yolo_processed/images/test/raw_synthetic_wound__syn_wound_0207.jpg,SYNTHETIC,05aba1b7848518b5169bd147df5027b8196162f92d030c20cc2229ab83fd08ea,False
yolo_raw_synthetic_wound__syn_wound_0208,train,bruise,data/datasets/efficientnet_processed/images/train/yolo_raw_synthetic_wound__syn_wound_0208.jpg,yolo_processed,data/datasets/yolo_processed/images/test/raw_synthetic_wound__syn_wound_0208.jpg,SYNTHETIC,4692bd9a0fea511b4f37be098ca0395e401c486622b74176d55253dc08df5cb8,False
yolo_raw_synthetic_wound__syn_wound_0218,train,bruise,data/datasets/efficientnet_processed/images/train/yolo_raw_synthetic_wound__syn_wound_0218.jpg,yolo_processed,data/datasets/yolo_processed/images/test/raw_synthetic_wound__syn_wound_0218.jpg,SYNTHETIC,af89df1907e354b95de0c09fc268ce623ab011305f4e80fd0217a3cfb264d4a5,False
yolo_raw_synthetic_wound__syn_wound_0219,train,bruise,data/datasets/efficientnet_processed/images/train/yolo_raw_synthetic_wound__syn_wound_0219.jpg,yolo_processed,data/datasets/yolo_processed/images/test/raw_synthetic_wound__syn_wound_0219.jpg,SYNTHETIC,18f3c9bf3a4661ae7f556170b85aae83221e79d5881a1384647021b520250941,False
yolo_raw_synthetic_wound__syn_wound_neardup,train,bruise,data/datasets/efficientnet_processed/images/train/yolo_raw_synthetic_wound__syn_wound_neardup.jpg,yolo_processed,data/datasets/yolo_processed/images/train/raw_synthetic_wound__syn_wound_neardup.jpg,SYNTHETIC,66161c4de0992abfedd2633ab8141d0f6c7bb99d4aec80428c1a480a1f7132db,False
injury_sample_0001,train,cut,data/datasets/efficientnet_processed/images/train/injury_sample_0001.jpg,injury_dataset,data/datasets/injury_dataset/images/sample_0001.jpg,SYNTHETIC,746f488573dcbda011d115d04f19b18b238c1081af76bd5eb6779624e1a36811,False
yolo_raw_synthetic_wound__syn_wound_0006,train,cut,data/datasets/efficientnet_processed/images/train/yolo_raw_synthetic_wound__syn_wound_0006.jpg,yolo_processed,data/datasets/yolo_processed/images/train/raw_synthetic_wound__syn_wound_0006.jpg,SYNTHETIC,277714de5ed0995331109d02b7eb27a9f8a2a9ced8943590c1de89fbaa0a49e0,False
yolo_raw_synthetic_wound__syn_wound_0011,train,cut,data/datasets/efficientnet_processed/images/train/yolo_raw_synthetic_wound__syn_wound_0011.jpg,yolo_processed,data/datasets/yolo_processed/images/train/raw_synthetic_wound__syn_wound_0011.jpg,SYNTHETIC,a6400be4ade86ca20dcb216fb118facb0aaffa1f41e9a6117936661225551eba,False
yolo_raw_synthetic_wound__syn_wound_0016,train,cut,data/datasets/efficientnet_processed/images/train/yolo_raw_synthetic_wound__syn_wound_0016.jpg,yolo_processed,data/datasets/yolo_processed/images/train/raw_synthetic_wound__syn_wound_0016.jpg,SYNTHETIC,918c8a0fca7f51b149be09ffa4632d0543e88ea7c9a0ceeab3e97240fdd6251c,False
yolo_raw_synthetic_wound__syn_wound_0024,train,cut,data/datasets/efficientnet_processed/images/train/yolo_raw_synthetic_wound__syn_wound_0024.jpg,yolo_processed,data/datasets/yolo_processed/images/train/raw_synthetic_wound__syn_wound_0024.jpg,SYNTHETIC,a6b8c66b9cae73974d9d2c1af75dc027f3d8cea80ae4bf0b8dd4672c49665109,False
yolo_raw_synthetic_wound__syn_wound_0032,train,cut,data/datasets/efficientnet_processed/images/train/yolo_raw_synthetic_wound__syn_wound_0032.jpg,yolo_processed,data/datasets/yolo_processed/images/train/raw_synthetic_wound__syn_wound_0032.jpg,SYNTHETIC,40006e9f326e45ce986f68dd916331be2ad81c0d55edce05bd3b764a3a7a8b1b,False
yolo_raw_synthetic_wound__syn_wound_0040,train,cut,data/datasets/efficientnet_processed/images/train/yolo_raw_synthetic_wound__syn_wound_0040.jpg,yolo_processed,data/datasets/yolo_processed/images/train/raw_synthetic_wound__syn_wound_0040.jpg,SYNTHETIC,7abb11e040b648f567a123a795214958f3460af1cb3f06257a35b5a345b6b77c,False
yolo_raw_synthetic_wound__syn_wound_0042,train,cut,data/datasets/efficientnet_processed/images/train/yolo_raw_synthetic_wound__syn_wound_0042.jpg,yolo_processed,data/datasets/yolo_processed/images/train/raw_synthetic_wound__syn_wound_0042.jpg,SYNTHETIC,a845612d7a2e5ac1eec18850b235c1aaa6c1d03faf8bfee8c6b737c14debdb9c,False
yolo_raw_synthetic_wound__syn_wound_0045,train,cut,data/datasets/efficientnet_processed/images/train/yolo_raw_synthetic_wound__syn_wound_0045.jpg,yolo_processed,data/datasets/yolo_processed/images/train/raw_synthetic_wound__syn_wound_0045.jpg,SYNTHETIC,4eb74202bef0faa479a89b7ddd30f862db238f634b5a2b3763a8b5337ab12f76,False
yolo_raw_synthetic_wound__syn_wound_0048,train,cut,data/datasets/efficientnet_processed/images/train/yolo_raw_synthetic_wound__syn_wound_0048.jpg,yolo_processed,data/datasets/yolo_processed/images/train/raw_synthetic_wound__syn_wound_0048.jpg,SYNTHETIC,3922926f3a0b316189fa30699b23435fa0cd087dfe8b215dc75d6ff9026c6ab5,False
yolo_raw_synthetic_wound__syn_wound_0049,train,cut,data/datasets/efficientnet_processed/images/train/yolo_raw_synthetic_wound__syn_wound_0049.jpg,yolo_processed,data/datasets/yolo_processed/images/train/raw_synthetic_wound__syn_wound_0049.jpg,SYNTHETIC,6439e844b70b87e92aac70808abde5d7423dcc276fb13032f8eaceb72fd9874c,False
yolo_raw_synthetic_wound__syn_wound_0053,train,cut,data/datasets/efficientnet_processed/images/train/yolo_raw_synthetic_wound__syn_wound_0053.jpg,yolo_processed,data/datasets/yolo_processed/images/train/raw_synthetic_wound__syn_wound_0053.jpg,SYNTHETIC,5d4473b7d1ad336dd11a142a0a49dc573d3624780947a8c55b4083bbb7953c4e,False
yolo_raw_synthetic_wound__syn_wound_0054,train,cut,data/datasets/efficientnet_processed/images/train/yolo_raw_synthetic_wound__syn_wound_0054.jpg,yolo_processed,data/datasets/yolo_processed/images/train/raw_synthetic_wound__syn_wound_0054.jpg,SYNTHETIC,25b6df0cfce239fd22204a3440f3e71f329cf507f4f0795b7846f402eac224be,False
yolo_raw_synthetic_wound__syn_wound_0059,train,cut,data/datasets/efficientnet_processed/images/train/yolo_raw_synthetic_wound__syn_wound_0059.jpg,yolo_processed,data/datasets/yolo_processed/images/train/raw_synthetic_wound__syn_wound_0059.jpg,SYNTHETIC,10033995ada753b4c339d69eec4116f5a17bc483a333c2f8a32d90377ae83dd6,False
yolo_raw_synthetic_wound__syn_wound_0062,train,cut,data/datasets/efficientnet_processed/images/train/yolo_raw_synthetic_wound__syn_wound_0062.jpg,yolo_processed,data/datasets/yolo_processed/images/train/raw_synthetic_wound__syn_wound_0062.jpg,SYNTHETIC,4c22d3d2478d227ef73c1bd65eb1c9958c52495c2bb1395bf65147716f2067ff,False
yolo_raw_synthetic_wound__syn_wound_0063,train,cut,data/datasets/efficientnet_processed/images/train/yolo_raw_synthetic_wound__syn_wound_0063.jpg,yolo_processed,data/datasets/yolo_processed/images/train/raw_synthetic_wound__syn_wound_0063.jpg,SYNTHETIC,11833cf105ff63d90667abac88b336b7ca63930ae2c9db448897440250dd11d2,False
yolo_raw_synthetic_wound__syn_wound_0064,train,cut,data/datasets/efficientnet_processed/images/train/yolo_raw_synthetic_wound__syn_wound_0064.jpg,yolo_processed,data/datasets/yolo_processed/images/train/raw_synthetic_wound__syn_wound_0064.jpg,SYNTHETIC,022bb96f713332433b261391cfdde7b74b517dbaa98deae012e20dde67c008a5,False
yolo_raw_synthetic_wound__syn_wound_0066,train,cut,data/datasets/efficientnet_processed/images/train/yolo_raw_synthetic_wound__syn_wound_0066.jpg,yolo_processed,data/datasets/yolo_processed/images/train/raw_synthetic_wound__syn_wound_0066.jpg,SYNTHETIC,b0e6f46b5396e49ce83f7eb2559f5950b31efbf4565e6014169bb2ae4c960742,False
yolo_raw_synthetic_wound__syn_wound_0072,train,cut,data/datasets/efficientnet_processed/images/train/yolo_raw_synthetic_wound__syn_wound_0072.jpg,yolo_processed,data/datasets/yolo_processed/images/train/raw_synthetic_wound__syn_wound_0072.jpg,SYNTHETIC,64bbc2d64491927b41e5bdb641d42120df4c36428cb0b07c6cbafcec7c112abc,False
yolo_raw_synthetic_wound__syn_wound_0078,train,cut,data/datasets/efficientnet_processed/images/train/yolo_raw_synthetic_wound__syn_wound_0078.jpg,yolo_processed,data/datasets/yolo_processed/images/train/raw_synthetic_wound__syn_wound_0078.jpg,SYNTHETIC,a29a37c468ac073201099fb6ab8887431584d5f10bd1d68548b3376ed88d8c54,False
yolo_raw_synthetic_wound__syn_wound_0084,train,cut,data/datasets/efficientnet_processed/images/train/yolo_raw_synthetic_wound__syn_wound_0084.jpg,yolo_processed,data/datasets/yolo_processed/images/train/raw_synthetic_wound__syn_wound_0084.jpg,SYNTHETIC,0781e94345a7e98ac07646fba176547bb89b108ed787d2fc34af4bc7a9f11b39,False
yolo_raw_synthetic_wound__syn_wound_0098,train,cut,data/datasets/efficientnet_processed/images/train/yolo_raw_synthetic_wound__syn_wound_0098.jpg,yolo_processed,data/datasets/yolo_processed/images/train/raw_synthetic_wound__syn_wound_0098.jpg,SYNTHETIC,6fb3da2e702a48f62a3f94358c778c56e69edd8504a2d373411934af7e849733,False
yolo_raw_synthetic_wound__syn_wound_0101,train,cut,data/datasets/efficientnet_processed/images/train/yolo_raw_synthetic_wound__syn_wound_0101.jpg,yolo_processed,data/datasets/yolo_processed/images/train/raw_synthetic_wound__syn_wound_0101.jpg,SYNTHETIC,25a2333cbcb4bb9162555d6b25d216796a08ae08745e4593e76ad319d9163db5,False
yolo_raw_synthetic_wound__syn_wound_0103,train,cut,data/datasets/efficientnet_processed/images/train/yolo_raw_synthetic_wound__syn_wound_0103.jpg,yolo_processed,data/datasets/yolo_processed/images/train/raw_synthetic_wound__syn_wound_0103.jpg,SYNTHETIC,a1d1ca0d3df9f04b919bffa1738f2c345902f8804808334e085e92ce73d215f8,False
yolo_raw_synthetic_wound__syn_wound_0104,train,cut,data/datasets/efficientnet_processed/images/train/yolo_raw_synthetic_wound__syn_wound_0104.jpg,yolo_processed,data/datasets/yolo_processed/images/train/raw_synthetic_wound__syn_wound_0104.jpg,SYNTHETIC,395a1e63f4cb76d0c93c1fb9c60b04dda7bbc0caecdde07f4e30c378eeccc758,False
yolo_raw_synthetic_wound__syn_wound_0110,train,cut,data/datasets/efficientnet_processed/images/train/yolo_raw_synthetic_wound__syn_wound_0110.jpg,yolo_processed,data/datasets/yolo_processed/images/train/raw_synthetic_wound__syn_wound_0110.jpg,SYNTHETIC,3be5f5a00c0abc9e98585c304fc5331ce739c7d0207ed81f3932307eb198498a,False
yolo_raw_synthetic_wound__syn_wound_0113,train,cut,data/datasets/efficientnet_processed/images/train/yolo_raw_synthetic_wound__syn_wound_0113.jpg,yolo_processed,data/datasets/yolo_processed/images/train/raw_synthetic_wound__syn_wound_0113.jpg,SYNTHETIC,9bbd9a2b96d96a8c3262e4bcc1db9296abc7cc4823db18ef34c7f95b001be039,False
yolo_raw_synthetic_wound__syn_wound_0114,train,cut,data/datasets/efficientnet_processed/images/train/yolo_raw_synthetic_wound__syn_wound_0114.jpg,yolo_processed,data/datasets/yolo_processed/images/train/raw_synthetic_wound__syn_wound_0114.jpg,SYNTHETIC,5a3165f7ebc5683e8b0fd747043da653d88e146c0f95304e890026325c844761,False
yolo_raw_synthetic_wound__syn_wound_0115,train,cut,data/datasets/efficientnet_processed/images/train/yolo_raw_synthetic_wound__syn_wound_0115.jpg,yolo_processed,data/datasets/yolo_processed/images/train/raw_synthetic_wound__syn_wound_0115.jpg,SYNTHETIC,1ae2d5140dfc55c9e6e001e35f375830103c41c4b021f5328da19d21e2f01430,False
yolo_raw_synthetic_wound__syn_wound_0116,train,cut,data/datasets/efficientnet_processed/images/train/yolo_raw_synthetic_wound__syn_wound_0116.jpg,yolo_processed,data/datasets/yolo_processed/images/train/raw_synthetic_wound__syn_wound_0116.jpg,SYNTHETIC,98b33d9883d37e059404864c8663d3a5b70cf067609e38d8a301e5d01c70e424,False
yolo_raw_synthetic_wound__syn_wound_0117,train,cut,data/datasets/efficientnet_processed/images/train/yolo_raw_synthetic_wound__syn_wound_0117.jpg,yolo_processed,data/datasets/yolo_processed/images/train/raw_synthetic_wound__syn_wound_0117.jpg,SYNTHETIC,2378823d2114bb93714e6d00d1a8a80566c4c188e6aacc586e868fbfc5777b8e,False
yolo_raw_synthetic_wound__syn_wound_0126,train,cut,data/datasets/efficientnet_processed/images/train/yolo_raw_synthetic_wound__syn_wound_0126.jpg,yolo_processed,data/datasets/yolo_processed/images/train/raw_synthetic_wound__syn_wound_0126.jpg,SYNTHETIC,94d0eff1d3cff20c3813888c3932a7d80ef3515b19513e974e0246d35caf6d39,False
yolo_raw_synthetic_wound__syn_wound_0148,train,cut,data/datasets/efficientnet_processed/images/train/yolo_raw_synthetic_wound__syn_wound_0148.jpg,yolo_processed,data/datasets/yolo_processed/images/train/raw_synthetic_wound__syn_wound_0148.jpg,SYNTHETIC,3eb65bad0545c7445dd8799c98745839f5ebc6e6c0253269fa8a8f6916145290,False
yolo_raw_synthetic_wound__syn_wound_0157,train,cut,data/datasets/efficientnet_processed/images/train/yolo_raw_synthetic_wound__syn_wound_0157.jpg,yolo_processed,data/datasets/yolo_processed/images/val/raw_synthetic_wound__syn_wound_0157.jpg,SYNTHETIC,7161316c32923c1e5bf4236fcd461223cd4ccad4106ebeb915764bcc9e61252c,False
yolo_raw_synthetic_wound__syn_wound_0164,train,cut,data/datasets/efficientnet_processed/images/train/yolo_raw_synthetic_wound__syn_wound_0164.jpg,yolo_processed,data/datasets/yolo_processed/images/val/raw_synthetic_wound__syn_wound_0164.jpg,SYNTHETIC,8a3c2cca79efcf52e80ff56e15eda103d95c106cad360616eb94e2bae60a3073,False
yolo_raw_synthetic_wound__syn_wound_0170,train,cut,data/datasets/efficientnet_processed/images/train/yolo_raw_synthetic_wound__syn_wound_0170.jpg,yolo_processed,data/datasets/yolo_processed/images/val/raw_synthetic_wound__syn_wound_0170.jpg,SYNTHETIC,a780473470fff5928ea5134e41126d3e151afa588a1c5a786cb903c56bd7f8e5,False
yolo_raw_synthetic_wound__syn_wound_0173,train,cut,data/datasets/efficientnet_processed/images/train/yolo_raw_synthetic_wound__syn_wound_0173.jpg,yolo_processed,data/datasets/yolo_processed/images/val/raw_synthetic_wound__syn_wound_0173.jpg,SYNTHETIC,3fe10bf669db7df3ac3c7db4ed78f0ae4ea11cee87b9834bd62fddec8619cf68,False
yolo_raw_synthetic_wound__syn_wound_0179,train,cut,data/datasets/efficientnet_processed/images/train/yolo_raw_synthetic_wound__syn_wound_0179.jpg,yolo_processed,data/datasets/yolo_processed/images/val/raw_synthetic_wound__syn_wound_0179.jpg,SYNTHETIC,22354de9f1781dcb4fd52ebf4a19e69f7774781269c6d27853b86fa0355f2f9d,False
yolo_raw_synthetic_wound__syn_wound_0183,train,cut,data/datasets/efficientnet_processed/images/train/yolo_raw_synthetic_wound__syn_wound_0183.jpg,yolo_processed,data/datasets/yolo_processed/images/val/raw_synthetic_wound__syn_wound_0183.jpg,SYNTHETIC,00a3883595de0d1c41ef5a44e475b6f6f916833a8f457d5654a357fe03ad5bde,False
yolo_raw_synthetic_wound__syn_wound_0186,train,cut,data/datasets/efficientnet_processed/images/train/yolo_raw_synthetic_wound__syn_wound_0186.jpg,yolo_processed,data/datasets/yolo_processed/images/test/raw_synthetic_wound__syn_wound_0186.jpg,SYNTHETIC,41773ba80a58ee6c4b661b03c32d8b8432edc2a3e133c5df873b7487f7014add,False
yolo_raw_synthetic_wound__syn_wound_0187,train,cut,data/datasets/efficientnet_processed/images/train/yolo_raw_synthetic_wound__syn_wound_0187.jpg,yolo_processed,data/datasets/yolo_processed/images/test/raw_synthetic_wound__syn_wound_0187.jpg,SYNTHETIC,311c4b2e5aa98b75198bb4bbc891f3b9ec87254e28bcb9b35717d8da0fc52461,False
yolo_raw_synthetic_wound__syn_wound_0199,train,cut,data/datasets/efficientnet_processed/images/train/yolo_raw_synthetic_wound__syn_wound_0199.jpg,yolo_processed,data/datasets/yolo_processed/images/test/raw_synthetic_wound__syn_wound_0199.jpg,SYNTHETIC,0260db7d6421469444df650e19787fa966498b736e090512075c30ac59e9fee6,False
yolo_raw_synthetic_wound__syn_wound_0211,train,cut,data/datasets/efficientnet_processed/images/train/yolo_raw_synthetic_wound__syn_wound_0211.jpg,yolo_processed,data/datasets/yolo_processed/images/test/raw_synthetic_wound__syn_wound_0211.jpg,SYNTHETIC,a676dfeae7aaf7f6ac947305ed4dfd13394d1870af7c360018311d93f66321a3,False
yolo_raw_synthetic_wound__syn_wound_0213,train,cut,data/datasets/efficientnet_processed/images/train/yolo_raw_synthetic_wound__syn_wound_0213.jpg,yolo_processed,data/datasets/yolo_processed/images/test/raw_synthetic_wound__syn_wound_0213.jpg,SYNTHETIC,921f43a5959736f3c052af0ada0c277d465a1d805e64fd2a7747f677055c86f3,False
yolo_raw_synthetic_wound__syn_wound_0001,val,bruise,data/datasets/efficientnet_processed/images/val/yolo_raw_synthetic_wound__syn_wound_0001.jpg,yolo_processed,data/datasets/yolo_processed/images/train/raw_synthetic_wound__syn_wound_0001.jpg,SYNTHETIC,bd773b45fe4e5c167863263c66a45d2eab6ca9a64eb7420a64837c2ee3e7fd51,False
yolo_raw_synthetic_wound__syn_wound_0028,val,bruise,data/datasets/efficientnet_processed/images/val/yolo_raw_synthetic_wound__syn_wound_0028.jpg,yolo_processed,data/datasets/yolo_processed/images/train/raw_synthetic_wound__syn_wound_0028.jpg,SYNTHETIC,bd8ce6389ca27f4250f97bd3075ba91c72c7b578614a4fd39a8cf1433300db56,False
yolo_raw_synthetic_wound__syn_wound_0037,val,bruise,data/datasets/efficientnet_processed/images/val/yolo_raw_synthetic_wound__syn_wound_0037.jpg,yolo_processed,data/datasets/yolo_processed/images/train/raw_synthetic_wound__syn_wound_0037.jpg,SYNTHETIC,c69af37313f44f89e471e11d41d6044f87d5e709773afbc858a3f1d944f05018,False
yolo_raw_synthetic_wound__syn_wound_0047,val,bruise,data/datasets/efficientnet_processed/images/val/yolo_raw_synthetic_wound__syn_wound_0047.jpg,yolo_processed,data/datasets/yolo_processed/images/train/raw_synthetic_wound__syn_wound_0047.jpg,SYNTHETIC,cdab64279e5fa18e04a1f9845c3250d4c3e0bb753cc8073ff24d8c91d7df2763,False
yolo_raw_synthetic_wound__syn_wound_0075,val,bruise,data/datasets/efficientnet_processed/images/val/yolo_raw_synthetic_wound__syn_wound_0075.jpg,yolo_processed,data/datasets/yolo_processed/images/train/raw_synthetic_wound__syn_wound_0075.jpg,SYNTHETIC,c6098a8f6d62764353ed69be682ad701e11dd140c2b6c8f4f86c832e74f6a246,False
yolo_raw_synthetic_wound__syn_wound_0080,val,bruise,data/datasets/efficientnet_processed/images/val/yolo_raw_synthetic_wound__syn_wound_0080.jpg,yolo_processed,data/datasets/yolo_processed/images/train/raw_synthetic_wound__syn_wound_0080.jpg,SYNTHETIC,bc353164077c9729eb3d5af702b16f1c101093eae9e8ba853dd7a475263f7c09,False
yolo_raw_synthetic_wound__syn_wound_0128,val,bruise,data/datasets/efficientnet_processed/images/val/yolo_raw_synthetic_wound__syn_wound_0128.jpg,yolo_processed,data/datasets/yolo_processed/images/train/raw_synthetic_wound__syn_wound_0128.jpg,SYNTHETIC,c4146475dbcc02cfe9ca5d8aecd1c501f33c748b905197d8f96c87865544c426,False
yolo_raw_synthetic_wound__syn_wound_0163,val,bruise,data/datasets/efficientnet_processed/images/val/yolo_raw_synthetic_wound__syn_wound_0163.jpg,yolo_processed,data/datasets/yolo_processed/images/val/raw_synthetic_wound__syn_wound_0163.jpg,SYNTHETIC,cd8c027d07ad5141421b46f4f2538b96edd33f0f72652e2ff75016c25907577f,False
yolo_raw_synthetic_wound__syn_wound_0167,val,bruise,data/datasets/efficientnet_processed/images/val/yolo_raw_synthetic_wound__syn_wound_0167.jpg,yolo_processed,data/datasets/yolo_processed/images/val/raw_synthetic_wound__syn_wound_0167.jpg,SYNTHETIC,d1bdff6c691cd1c31a4ff373c4dea67e6aaab59ef21db4ab7000e2c8786785fc,False
yolo_yolo_real_wound__public_sample_0002,val,bruise,data/datasets/efficientnet_processed/images/val/yolo_yolo_real_wound__public_sample_0002.jpg,yolo_processed,data/datasets/yolo_processed/images/test/yolo_real_wound__public_sample_0002.jpg,SYNTHETIC,b5b1eaa164eed94f775a3402658434e6e6c0fa5b4e2f38aa2cfbd8d81f00a88c,False
yolo_raw_synthetic_wound__syn_wound_0004,val,cut,data/datasets/efficientnet_processed/images/val/yolo_raw_synthetic_wound__syn_wound_0004.jpg,yolo_processed,data/datasets/yolo_processed/images/train/raw_synthetic_wound__syn_wound_0004.jpg,SYNTHETIC,c33141291e1768f503b9e2fe7a06b48cf14e8e562b599ec2a7186d7facfc0d4c,False
yolo_raw_synthetic_wound__syn_wound_0030,val,cut,data/datasets/efficientnet_processed/images/val/yolo_raw_synthetic_wound__syn_wound_0030.jpg,yolo_processed,data/datasets/yolo_processed/images/train/raw_synthetic_wound__syn_wound_0030.jpg,SYNTHETIC,db76567577e831aef50b64182ed67873d0d375512cdac752a022b64cea3cefed,False
yolo_raw_synthetic_wound__syn_wound_0033,val,cut,data/datasets/efficientnet_processed/images/val/yolo_raw_synthetic_wound__syn_wound_0033.jpg,yolo_processed,data/datasets/yolo_processed/images/train/raw_synthetic_wound__syn_wound_0033.jpg,SYNTHETIC,b4c3a1cf3c534e2deaf245133fbc1d5bf9352c481770a1b83b0c5f040ae608ed,False
yolo_raw_synthetic_wound__syn_wound_0071,val,cut,data/datasets/efficientnet_processed/images/val/yolo_raw_synthetic_wound__syn_wound_0071.jpg,yolo_processed,data/datasets/yolo_processed/images/train/raw_synthetic_wound__syn_wound_0071.jpg,SYNTHETIC,b2b5a924228286812f829e5279fe23d928f9d8b4d94bd9306c0188a7ed695f40,False
yolo_raw_synthetic_wound__syn_wound_0081,val,cut,data/datasets/efficientnet_processed/images/val/yolo_raw_synthetic_wound__syn_wound_0081.jpg,yolo_processed,data/datasets/yolo_processed/images/train/raw_synthetic_wound__syn_wound_0081.jpg,SYNTHETIC,b3fde7c8d8572414c90d8899fa1f5b7549a1bfe5f4a7dfa92d07176e9f73b030,False
yolo_raw_synthetic_wound__syn_wound_0133,val,cut,data/datasets/efficientnet_processed/images/val/yolo_raw_synthetic_wound__syn_wound_0133.jpg,yolo_processed,data/datasets/yolo_processed/images/train/raw_synthetic_wound__syn_wound_0133.jpg,SYNTHETIC,c4d8df976c4f8b2860c974459ff430936961a18a4a3c9621faf93b4d89445b9c,False
yolo_raw_synthetic_wound__syn_wound_0134,val,cut,data/datasets/efficientnet_processed/images/val/yolo_raw_synthetic_wound__syn_wound_0134.jpg,yolo_processed,data/datasets/yolo_processed/images/train/raw_synthetic_wound__syn_wound_0134.jpg,SYNTHETIC,c2e2ba7f1bdd50112f38e8549fb1eb695142bb925dd5cd72edf29ce9fa684a93,False
yolo_raw_synthetic_wound__syn_wound_0145,val,cut,data/datasets/efficientnet_processed/images/val/yolo_raw_synthetic_wound__syn_wound_0145.jpg,yolo_processed,data/datasets/yolo_processed/images/train/raw_synthetic_wound__syn_wound_0145.jpg,SYNTHETIC,e2124a63ae2184963710fba1bd66e5ec55c803ec6d2c4dc4dc0d2bc6599cba79,False
yolo_raw_synthetic_wound__syn_wound_0202,val,cut,data/datasets/efficientnet_processed/images/val/yolo_raw_synthetic_wound__syn_wound_0202.jpg,yolo_processed,data/datasets/yolo_processed/images/test/raw_synthetic_wound__syn_wound_0202.jpg,SYNTHETIC,b6cd253278e1f1391871f0e1df5f731c927e1caec12acf24bca9037c8c2604fd,False
