sample_id,subject_id,original_label,canonical_label,mapping_reason,sampling_rate_hz,window_seconds,peak_g_force,peak_accel_ms2,peak_jerk_gs,accel_variance,gyro_variance,sma,stabilization_seconds,impact_flag,source_dataset,split_method,split
sens_0001,subj_001,normal_walking,normal_activity,Mapped 'normal_walking' to research telemetry taxonomy 'normal_activity',50.0,2.5,2.8146,27.6022,91.0816,0.026949,0.088634,10.2568,1.68,0.0,SisFall / UCI HAR Motion Telemetry,subject_level_split,train
sens_0002,subj_002,lateral_fall,fall,Mapped 'lateral_fall' to research telemetry taxonomy 'fall',50.0,2.5,9.6745,94.8741,433.4078,0.597262,0.137425,10.843,1.82,1.0,SisFall / UCI HAR Motion Telemetry,subject_level_split,train
sens_0003,subj_003,normal_walking,normal_activity,Mapped 'normal_walking' to research telemetry taxonomy 'normal_activity',50.0,2.5,2.1484,21.0686,59.2488,0.011251,0.105111,10.2636,1.22,0.0,SisFall / UCI HAR Motion Telemetry,subject_level_split,train
sens_0004,subj_004,lateral_fall,fall,Mapped 'lateral_fall' to research telemetry taxonomy 'fall',50.0,2.5,4.912,48.1699,195.3186,0.122384,0.032134,10.4195,1.14,1.0,SisFall / UCI HAR Motion Telemetry,subject_level_split,val
sens_0005,subj_005,normal_walking,normal_activity,Mapped 'normal_walking' to research telemetry taxonomy 'normal_activity',50.0,2.5,2.0133,19.744,49.017,0.009108,0.119118,10.2592,1.34,0.0,SisFall / UCI HAR Motion Telemetry,subject_level_split,train
sens_0006,subj_006,lateral_fall,fall,Mapped 'lateral_fall' to research telemetry taxonomy 'fall',50.0,2.5,7.1268,69.8902,307.0668,0.298813,0.104026,10.6037,1.1,1.0,SisFall / UCI HAR Motion Telemetry,subject_level_split,train
sens_0007,subj_007,normal_walking,normal_activity,Mapped 'normal_walking' to research telemetry taxonomy 'normal_activity',50.0,2.5,1.8962,18.5951,44.4886,0.007327,0.033277,10.1729,1.4,0.0,SisFall / UCI HAR Motion Telemetry,subject_level_split,train
sens_0008,subj_008,normal_walking,normal_activity,Mapped 'normal_walking' to research telemetry taxonomy 'normal_activity',50.0,2.5,2.4786,24.3064,75.2172,0.018442,0.162456,10.2124,1.82,0.0,SisFall / UCI HAR Motion Telemetry,subject_level_split,test
sens_0009,subj_009,normal_walking,normal_activity,Mapped 'normal_walking' to research telemetry taxonomy 'normal_activity',50.0,2.5,2.608,25.5761,84.7856,0.021523,0.169543,10.2545,1.78,0.0,SisFall / UCI HAR Motion Telemetry,subject_level_split,train
sens_0010,subj_010,lateral_fall,fall,Mapped 'lateral_fall' to research telemetry taxonomy 'fall',50.0,2.5,6.9937,68.5848,300.2143,0.285837,0.14142,10.6003,1.7,1.0,SisFall / UCI HAR Motion Telemetry,subject_level_split,train
sens_0011,subj_011,lateral_fall,fall,Mapped 'lateral_fall' to research telemetry taxonomy 'fall',50.0,2.5,5.86,57.4665,241.4046,0.187904,0.033287,10.5696,1.1,1.0,SisFall / UCI HAR Motion Telemetry,subject_level_split,test
sens_0012,subj_012,normal_walking,normal_activity,Mapped 'normal_walking' to research telemetry taxonomy 'normal_activity',50.0,2.5,2.7211,26.6847,87.3325,0.024457,0.101744,10.2272,1.52,0.0,SisFall / UCI HAR Motion Telemetry,subject_level_split,train
sens_0013,subj_013,lateral_fall,fall,Mapped 'lateral_fall' to research telemetry taxonomy 'fall',50.0,2.5,5.3901,52.8587,220.0777,0.153904,0.060186,10.4249,1.34,1.0,SisFall / UCI HAR Motion Telemetry,subject_level_split,train
sens_0014,subj_014,lateral_fall,fall,Mapped 'lateral_fall' to research telemetry taxonomy 'fall',50.0,2.5,8.3725,82.1064,370.0016,0.431912,0.14391,10.7595,1.78,1.0,SisFall / UCI HAR Motion Telemetry,subject_level_split,train
sens_0015,subj_015,lateral_fall,fall,Mapped 'lateral_fall' to research telemetry taxonomy 'fall',50.0,2.5,7.6969,75.4808,337.1777,0.356621,0.038249,10.6578,1.16,1.0,SisFall / UCI HAR Motion Telemetry,subject_level_split,test
sens_0016,subj_016,hard_impact_collision,impact,Mapped 'hard_impact_collision' to research telemetry taxonomy 'impact',50.0,2.5,9.7629,95.7415,438.1518,0.609844,0.094795,10.8553,1.7,1.0,SisFall / UCI HAR Motion Telemetry,subject_level_split,train
sens_0017,subj_017,lateral_fall,fall,Mapped 'lateral_fall' to research telemetry taxonomy 'fall',50.0,2.5,4.9069,48.1203,196.7297,0.122029,0.092171,10.4096,1.28,1.0,SisFall / UCI HAR Motion Telemetry,subject_level_split,train
sens_0018,subj_018,lateral_fall,fall,Mapped 'lateral_fall' to research telemetry taxonomy 'fall',50.0,2.5,9.7259,95.379,438.4983,0.604437,0.086843,10.8785,1.14,1.0,SisFall / UCI HAR Motion Telemetry,subject_level_split,train
sens_0019,subj_019,lateral_fall,fall,Mapped 'lateral_fall' to research telemetry taxonomy 'fall',50.0,2.5,4.8594,47.6544,194.2869,0.119229,0.056153,10.4426,1.88,1.0,SisFall / UCI HAR Motion Telemetry,subject_level_split,test
sens_0020,subj_020,normal_walking,normal_activity,Mapped 'normal_walking' to research telemetry taxonomy 'normal_activity',50.0,2.5,2.4104,23.6377,71.588,0.016445,0.074476,10.2705,1.84,0.0,SisFall / UCI HAR Motion Telemetry,subject_level_split,train
sens_0021,subj_021,hard_impact_collision,impact,Mapped 'hard_impact_collision' to research telemetry taxonomy 'impact',50.0,2.5,7.3344,71.926,319.074,0.319427,0.124171,10.6098,1.72,1.0,SisFall / UCI HAR Motion Telemetry,subject_level_split,test
sens_0022,subj_022,lateral_fall,fall,Mapped 'lateral_fall' to research telemetry taxonomy 'fall',50.0,2.5,5.6098,55.0134,231.4756,0.169484,0.168695,10.4989,1.88,1.0,SisFall / UCI HAR Motion Telemetry,subject_level_split,train
sens_0023,subj_023,normal_walking,normal_activity,Mapped 'normal_walking' to research telemetry taxonomy 'normal_activity',50.0,2.5,2.0524,20.127,53.8596,0.00941,0.162541,10.2089,1.82,0.0,SisFall / UCI HAR Motion Telemetry,subject_level_split,test
sens_0024,subj_024,lateral_fall,fall,Mapped 'lateral_fall' to research telemetry taxonomy 'fall',50.0,2.5,7.2648,71.2435,314.3497,0.312636,0.03258,10.5748,1.58,1.0,SisFall / UCI HAR Motion Telemetry,subject_level_split,val
sens_0025,subj_025,normal_walking,normal_activity,Mapped 'normal_walking' to research telemetry taxonomy 'normal_activity',50.0,2.5,2.1234,20.8233,56.2957,0.010811,0.132046,10.1796,1.56,0.0,SisFall / UCI HAR Motion Telemetry,subject_level_split,train
sens_0026,subj_026,hard_impact_collision,impact,Mapped 'hard_impact_collision' to research telemetry taxonomy 'impact',50.0,2.5,14.0884,138.1597,653.0656,1.359353,0.056575,11.1923,1.78,1.0,SisFall / UCI HAR Motion Telemetry,subject_level_split,train
sens_0027,subj_027,normal_walking,normal_activity,Mapped 'normal_walking' to research telemetry taxonomy 'normal_activity',50.0,2.5,2.141,20.9957,59.6976,0.010921,0.038954,10.224,1.42,0.0,SisFall / UCI HAR Motion Telemetry,subject_level_split,train
sens_0028,subj_028,lateral_fall,fall,Mapped 'lateral_fall' to research telemetry taxonomy 'fall',50.0,2.5,8.7229,85.5429,385.5755,0.474352,0.055001,10.7265,1.64,1.0,SisFall / UCI HAR Motion Telemetry,subject_level_split,train
sens_0029,subj_029,hard_impact_collision,impact,Mapped 'hard_impact_collision' to research telemetry taxonomy 'impact',50.0,2.5,10.3523,101.5211,467.2372,0.694407,0.148633,10.8862,1.44,1.0,SisFall / UCI HAR Motion Telemetry,subject_level_split,test
sens_0030,subj_030,lateral_fall,fall,Mapped 'lateral_fall' to research telemetry taxonomy 'fall',50.0,2.5,8.0321,78.768,352.3014,0.393373,0.130559,10.6648,1.62,1.0,SisFall / UCI HAR Motion Telemetry,subject_level_split,train
sens_0031,subj_031,lateral_fall,fall,Mapped 'lateral_fall' to research telemetry taxonomy 'fall',50.0,2.5,5.0009,49.0423,199.4899,0.127895,0.071631,10.4456,1.36,1.0,SisFall / UCI HAR Motion Telemetry,subject_level_split,train
sens_0032,subj_032,normal_walking,normal_activity,Mapped 'normal_walking' to research telemetry taxonomy 'normal_activity',50.0,2.5,2.0835,20.4322,56.0877,0.010023,0.142645,10.1593,1.52,0.0,SisFall / UCI HAR Motion Telemetry,subject_level_split,val
sens_0033,subj_033,normal_walking,normal_activity,Mapped 'normal_walking' to research telemetry taxonomy 'normal_activity',50.0,2.5,2.127,20.8589,55.8953,0.01099,0.034977,10.1906,1.66,0.0,SisFall / UCI HAR Motion Telemetry,subject_level_split,train
sens_0034,subj_034,hard_impact_collision,impact,Mapped 'hard_impact_collision' to research telemetry taxonomy 'impact',50.0,2.5,8.7316,85.6275,386.6117,0.475061,0.121766,10.7414,1.8,1.0,SisFall / UCI HAR Motion Telemetry,subject_level_split,train
sens_0035,subj_035,hard_impact_collision,impact,Mapped 'hard_impact_collision' to research telemetry taxonomy 'impact',50.0,2.5,7.1527,70.1442,308.9645,0.301535,0.124311,10.5915,1.1,1.0,SisFall / UCI HAR Motion Telemetry,subject_level_split,val
sens_0036,subj_036,lateral_fall,fall,Mapped 'lateral_fall' to research telemetry taxonomy 'fall',50.0,2.5,5.1426,50.4313,208.5656,0.137247,0.033268,10.4439,1.48,1.0,SisFall / UCI HAR Motion Telemetry,subject_level_split,val
sens_0037,subj_037,lateral_fall,fall,Mapped 'lateral_fall' to research telemetry taxonomy 'fall',50.0,2.5,5.3318,52.2871,217.5408,0.149689,0.038147,10.4616,1.7,1.0,SisFall / UCI HAR Motion Telemetry,subject_level_split,train
sens_0038,subj_038,hard_impact_collision,impact,Mapped 'hard_impact_collision' to research telemetry taxonomy 'impact',50.0,2.5,7.9843,78.2993,349.257,0.387967,0.087677,10.6912,1.42,1.0,SisFall / UCI HAR Motion Telemetry,subject_level_split,train
sens_0039,subj_001,lateral_fall,fall,Mapped 'lateral_fall' to research telemetry taxonomy 'fall',50.0,2.5,7.9436,77.8999,347.1598,0.3836,0.115871,10.6775,1.82,1.0,SisFall / UCI HAR Motion Telemetry,subject_level_split,train
sens_0040,subj_002,hard_impact_collision,impact,Mapped 'hard_impact_collision' to research telemetry taxonomy 'impact',50.0,2.5,13.1607,129.0619,607.8246,1.174947,0.180866,11.0494,1.78,1.0,SisFall / UCI HAR Motion Telemetry,subject_level_split,train
sens_0041,subj_003,normal_walking,normal_activity,Mapped 'normal_walking' to research telemetry taxonomy 'normal_activity',50.0,2.5,2.2765,22.3247,64.3207,0.01361,0.082048,10.2731,1.62,0.0,SisFall / UCI HAR Motion Telemetry,subject_level_split,train
sens_0042,subj_004,lateral_fall,fall,Mapped 'lateral_fall' to research telemetry taxonomy 'fall',50.0,2.5,6.4359,63.115,272.0342,0.235783,0.140372,10.5109,1.14,1.0,SisFall / UCI HAR Motion Telemetry,subject_level_split,val
sens_0043,subj_005,lateral_fall,fall,Mapped 'lateral_fall' to research telemetry taxonomy 'fall',50.0,2.5,6.5486,64.2195,276.3104,0.245032,0.147059,10.5621,1.28,1.0,SisFall / UCI HAR Motion Telemetry,subject_level_split,train
sens_0044,subj_006,lateral_fall,fall,Mapped 'lateral_fall' to research telemetry taxonomy 'fall',50.0,2.5,4.9986,49.0191,200.6765,0.127392,0.129963,10.4776,1.74,1.0,SisFall / UCI HAR Motion Telemetry,subject_level_split,train
sens_0045,subj_007,hard_impact_collision,impact,Mapped 'hard_impact_collision' to research telemetry taxonomy 'impact',50.0,2.5,10.1938,99.9672,461.1519,0.6707,0.10105,10.9057,1.36,1.0,SisFall / UCI HAR Motion Telemetry,subject_level_split,train
sens_0046,subj_008,lateral_fall,fall,Mapped 'lateral_fall' to research telemetry taxonomy 'fall',50.0,2.5,8.1807,80.2256,362.3762,0.410358,0.093353,10.701,1.5,1.0,SisFall / UCI HAR Motion Telemetry,subject_level_split,test
sens_0047,subj_009,hard_impact_collision,impact,Mapped 'hard_impact_collision' to research telemetry taxonomy 'impact',50.0,2.5,11.2985,110.8008,516.5445,0.842346,0.07845,10.9657,1.4,1.0,SisFall / UCI HAR Motion Telemetry,subject_level_split,train
sens_0048,subj_010,lateral_fall,fall,Mapped 'lateral_fall' to research telemetry taxonomy 'fall',50.0,2.5,8.9958,88.2189,402.8066,0.50792,0.0325,10.7925,1.44,1.0,SisFall / UCI HAR Motion Telemetry,subject_level_split,train
sens_0049,subj_011,lateral_fall,fall,Mapped 'lateral_fall' to research telemetry taxonomy 'fall',50.0,2.5,6.6665,65.3763,283.3581,0.255923,0.120001,10.5437,1.44,1.0,SisFall / UCI HAR Motion Telemetry,subject_level_split,test
sens_0050,subj_012,lateral_fall,fall,Mapped 'lateral_fall' to research telemetry taxonomy 'fall',50.0,2.5,8.6194,84.5275,381.7728,0.461435,0.056033,10.7544,1.12,1.0,SisFall / UCI HAR Motion Telemetry,subject_level_split,train
sens_0051,subj_013,lateral_fall,fall,Mapped 'lateral_fall' to research telemetry taxonomy 'fall',50.0,2.5,8.9473,87.7434,399.2118,0.502409,0.133495,10.7284,1.46,1.0,SisFall / UCI HAR Motion Telemetry,subject_level_split,train
sens_0052,subj_014,hard_impact_collision,impact,Mapped 'hard_impact_collision' to research telemetry taxonomy 'impact',50.0,2.5,14.3378,140.6061,668.5114,1.41352,0.07717,11.1304,1.18,1.0,SisFall / UCI HAR Motion Telemetry,subject_level_split,train
sens_0053,subj_015,normal_walking,normal_activity,Mapped 'normal_walking' to research telemetry taxonomy 'normal_activity',50.0,2.5,2.2753,22.3135,65.43,0.013893,0.036711,10.2444,1.36,0.0,SisFall / UCI HAR Motion Telemetry,subject_level_split,test
sens_0054,subj_016,normal_walking,normal_activity,Mapped 'normal_walking' to research telemetry taxonomy 'normal_activity',50.0,2.5,2.208,21.6532,61.695,0.01268,0.156394,10.2165,1.62,0.0,SisFall / UCI HAR Motion Telemetry,subject_level_split,train
sens_0055,subj_017,hard_impact_collision,impact,Mapped 'hard_impact_collision' to research telemetry taxonomy 'impact',50.0,2.5,11.8179,115.8944,539.9118,0.929961,0.08436,10.9574,1.36,1.0,SisFall / UCI HAR Motion Telemetry,subject_level_split,train
sens_0056,subj_018,lateral_fall,fall,Mapped 'lateral_fall' to research telemetry taxonomy 'fall',50.0,2.5,8.8401,86.6914,393.7019,0.488669,0.10627,10.7488,1.8,1.0,SisFall / UCI HAR Motion Telemetry,subject_level_split,train
sens_0057,subj_019,normal_walking,normal_activity,Mapped 'normal_walking' to research telemetry taxonomy 'normal_activity',50.0,2.5,1.9151,18.7804,45.1288,0.007508,0.086993,10.2062,1.16,0.0,SisFall / UCI HAR Motion Telemetry,subject_level_split,test
sens_0058,subj_020,normal_walking,normal_activity,Mapped 'normal_walking' to research telemetry taxonomy 'normal_activity',50.0,2.5,2.3184,22.7356,68.3182,0.014857,0.14178,10.2168,1.56,0.0,SisFall / UCI HAR Motion Telemetry,subject_level_split,train
sens_0059,subj_021,normal_walking,normal_activity,Mapped 'normal_walking' to research telemetry taxonomy 'normal_activity',50.0,2.5,2.4515,24.0411,70.4334,0.017607,0.059869,10.2466,1.46,0.0,SisFall / UCI HAR Motion Telemetry,subject_level_split,test
sens_0060,subj_022,lateral_fall,fall,Mapped 'lateral_fall' to research telemetry taxonomy 'fall',50.0,2.5,5.2753,51.7335,214.8428,0.145549,0.144006,10.5178,1.22,1.0,SisFall / UCI HAR Motion Telemetry,subject_level_split,train
sens_0061,subj_023,lateral_fall,fall,Mapped 'lateral_fall' to research telemetry taxonomy 'fall',50.0,2.5,6.5503,64.2366,277.2343,0.245177,0.081124,10.582,1.68,1.0,SisFall / UCI HAR Motion Telemetry,subject_level_split,test
sens_0062,subj_024,lateral_fall,fall,Mapped 'lateral_fall' to research telemetry taxonomy 'fall',50.0,2.5,9.6413,94.549,433.025,0.593202,0.136348,10.8499,1.44,1.0,SisFall / UCI HAR Motion Telemetry,subject_level_split,val
sens_0063,subj_025,normal_walking,normal_activity,Mapped 'normal_walking' to research telemetry taxonomy 'normal_activity',50.0,2.5,2.6224,25.7172,83.0088,0.021774,0.052077,10.2629,1.16,0.0,SisFall / UCI HAR Motion Telemetry,subject_level_split,train
sens_0064,subj_026,normal_walking,normal_activity,Mapped 'normal_walking' to research telemetry taxonomy 'normal_activity',50.0,2.5,2.3557,23.1013,67.4891,0.015395,0.18263,10.2673,1.3,0.0,SisFall / UCI HAR Motion Telemetry,subject_level_split,train
sens_0065,subj_027,lateral_fall,fall,Mapped 'lateral_fall' to research telemetry taxonomy 'fall',50.0,2.5,9.7853,95.9613,438.2303,0.613686,0.104084,10.75,1.32,1.0,SisFall / UCI HAR Motion Telemetry,subject_level_split,train
sens_0066,subj_028,normal_walking,normal_activity,Mapped 'normal_walking' to research telemetry taxonomy 'normal_activity',50.0,2.5,2.6307,25.798,79.9807,0.021723,0.098684,10.2918,1.1,0.0,SisFall / UCI HAR Motion Telemetry,subject_level_split,train
sens_0067,subj_029,normal_walking,normal_activity,Mapped 'normal_walking' to research telemetry taxonomy 'normal_activity',50.0,2.5,2.2115,21.6872,61.2126,0.012472,0.060791,10.2238,1.42,0.0,SisFall / UCI HAR Motion Telemetry,subject_level_split,test
sens_0068,subj_030,normal_walking,normal_activity,Mapped 'normal_walking' to research telemetry taxonomy 'normal_activity',50.0,2.5,2.3967,23.5034,71.8858,0.016624,0.047657,10.1689,1.52,0.0,SisFall / UCI HAR Motion Telemetry,subject_level_split,train
sens_0069,subj_031,normal_walking,normal_activity,Mapped 'normal_walking' to research telemetry taxonomy 'normal_activity',50.0,2.5,2.0874,20.4705,56.0415,0.01044,0.059881,10.2004,1.38,0.0,SisFall / UCI HAR Motion Telemetry,subject_level_split,train
sens_0070,subj_032,normal_walking,normal_activity,Mapped 'normal_walking' to research telemetry taxonomy 'normal_activity',50.0,2.5,2.5485,24.9918,76.1213,0.01984,0.07723,10.2428,1.6,0.0,SisFall / UCI HAR Motion Telemetry,subject_level_split,val
sens_0071,subj_033,lateral_fall,fall,Mapped 'lateral_fall' to research telemetry taxonomy 'fall',50.0,2.5,5.9196,58.0514,244.9391,0.192793,0.105126,10.5066,1.52,1.0,SisFall / UCI HAR Motion Telemetry,subject_level_split,train
sens_0072,subj_034,normal_walking,normal_activity,Mapped 'normal_walking' to research telemetry taxonomy 'normal_activity',50.0,2.5,2.4706,24.2282,74.1314,0.018185,0.090734,10.2066,1.42,0.0,SisFall / UCI HAR Motion Telemetry,subject_level_split,train
sens_0073,subj_035,hard_impact_collision,impact,Mapped 'hard_impact_collision' to research telemetry taxonomy 'impact',50.0,2.5,10.424,102.225,472.2208,0.706595,0.153649,10.8106,1.4,1.0,SisFall / UCI HAR Motion Telemetry,subject_level_split,val
sens_0074,subj_036,hard_impact_collision,impact,Mapped 'hard_impact_collision' to research telemetry taxonomy 'impact',50.0,2.5,10.5822,103.7757,480.5267,0.730045,0.04437,10.8453,1.7,1.0,SisFall / UCI HAR Motion Telemetry,subject_level_split,val
sens_0075,subj_037,normal_walking,normal_activity,Mapped 'normal_walking' to research telemetry taxonomy 'normal_activity',50.0,2.5,2.546,24.9674,78.4449,0.019995,0.108349,10.2063,1.76,0.0,SisFall / UCI HAR Motion Telemetry,subject_level_split,train
sens_0076,subj_038,hard_impact_collision,impact,Mapped 'hard_impact_collision' to research telemetry taxonomy 'impact',50.0,2.5,9.4,92.1822,420.6996,0.56074,0.192991,10.8166,1.82,1.0,SisFall / UCI HAR Motion Telemetry,subject_level_split,train
sens_0077,subj_001,normal_walking,normal_activity,Mapped 'normal_walking' to research telemetry taxonomy 'normal_activity',50.0,2.5,2.0053,19.6655,50.644,0.008828,0.128344,10.2206,1.36,0.0,SisFall / UCI HAR Motion Telemetry,subject_level_split,train
sens_0078,subj_002,lateral_fall,fall,Mapped 'lateral_fall' to research telemetry taxonomy 'fall',50.0,2.5,5.6884,55.7843,233.6098,0.175462,0.077273,10.4635,1.86,1.0,SisFall / UCI HAR Motion Telemetry,subject_level_split,train
sens_0079,subj_003,hard_impact_collision,impact,Mapped 'hard_impact_collision' to research telemetry taxonomy 'impact',50.0,2.5,9.4282,92.4587,420.794,0.564826,0.064266,10.7492,1.36,1.0,SisFall / UCI HAR Motion Telemetry,subject_level_split,train
sens_0080,subj_004,normal_walking,normal_activity,Mapped 'normal_walking' to research telemetry taxonomy 'normal_activity',50.0,2.5,2.2049,21.623,60.2156,0.012544,0.07425,10.2212,1.46,0.0,SisFall / UCI HAR Motion Telemetry,subject_level_split,val
sens_0081,subj_005,lateral_fall,fall,Mapped 'lateral_fall' to research telemetry taxonomy 'fall',50.0,2.5,9.8328,96.4264,441.4116,0.61952,0.118466,10.8433,1.74,1.0,SisFall / UCI HAR Motion Telemetry,subject_level_split,train
sens_0082,subj_006,lateral_fall,fall,Mapped 'lateral_fall' to research telemetry taxonomy 'fall',50.0,2.5,8.3039,81.4338,368.0208,0.424182,0.047853,10.7048,1.68,1.0,SisFall / UCI HAR Motion Telemetry,subject_level_split,train
sens_0083,subj_007,lateral_fall,fall,Mapped 'lateral_fall' to research telemetry taxonomy 'fall',50.0,2.5,7.854,77.0211,340.8101,0.373366,0.162337,10.7201,1.78,1.0,SisFall / UCI HAR Motion Telemetry,subject_level_split,train
sens_0084,subj_008,hard_impact_collision,impact,Mapped 'hard_impact_collision' to research telemetry taxonomy 'impact',50.0,2.5,7.6119,74.6476,332.5571,0.348026,0.139897,10.6343,1.46,1.0,SisFall / UCI HAR Motion Telemetry,subject_level_split,test
sens_0085,subj_009,normal_walking,normal_activity,Mapped 'normal_walking' to research telemetry taxonomy 'normal_activity',50.0,2.5,2.462,24.1436,74.7156,0.01799,0.090711,10.2289,1.5,0.0,SisFall / UCI HAR Motion Telemetry,subject_level_split,train
sens_0086,subj_010,lateral_fall,fall,Mapped 'lateral_fall' to research telemetry taxonomy 'fall',50.0,2.5,8.223,80.6398,365.156,0.414918,0.156178,10.6975,1.42,1.0,SisFall / UCI HAR Motion Telemetry,subject_level_split,train
sens_0087,subj_011,hard_impact_collision,impact,Mapped 'hard_impact_collision' to research telemetry taxonomy 'impact',50.0,2.5,7.0745,69.3767,303.99,0.293679,0.059904,10.6085,1.54,1.0,SisFall / UCI HAR Motion Telemetry,subject_level_split,test
sens_0088,subj_012,normal_walking,normal_activity,Mapped 'normal_walking' to research telemetry taxonomy 'normal_activity',50.0,2.5,2.2658,22.2203,63.1202,0.013579,0.046077,10.2423,1.3,0.0,SisFall / UCI HAR Motion Telemetry,subject_level_split,train
sens_0089,subj_013,normal_walking,normal_activity,Mapped 'normal_walking' to research telemetry taxonomy 'normal_activity',50.0,2.5,2.45,24.0261,72.4977,0.017498,0.109987,10.2571,1.56,0.0,SisFall / UCI HAR Motion Telemetry,subject_level_split,train
sens_0090,subj_014,lateral_fall,fall,Mapped 'lateral_fall' to research telemetry taxonomy 'fall',50.0,2.5,8.0519,78.9626,353.1106,0.395503,0.048881,10.6369,1.28,1.0,SisFall / UCI HAR Motion Telemetry,subject_level_split,train
sens_0091,subj_015,lateral_fall,fall,Mapped 'lateral_fall' to research telemetry taxonomy 'fall',50.0,2.5,9.0146,88.4035,399.219,0.509715,0.103625,10.8203,1.2,1.0,SisFall / UCI HAR Motion Telemetry,subject_level_split,test
sens_0092,subj_016,normal_walking,normal_activity,Mapped 'normal_walking' to research telemetry taxonomy 'normal_activity',50.0,2.5,2.5824,25.3245,79.2431,0.0208,0.049123,10.2519,1.62,0.0,SisFall / UCI HAR Motion Telemetry,subject_level_split,train
sens_0093,subj_017,hard_impact_collision,impact,Mapped 'hard_impact_collision' to research telemetry taxonomy 'impact',50.0,2.5,12.8804,126.3132,592.9656,1.119567,0.175098,11.1179,1.28,1.0,SisFall / UCI HAR Motion Telemetry,subject_level_split,train
sens_0094,subj_018,hard_impact_collision,impact,Mapped 'hard_impact_collision' to research telemetry taxonomy 'impact',50.0,2.5,10.8972,106.865,495.2785,0.777734,0.108287,10.9272,1.62,1.0,SisFall / UCI HAR Motion Telemetry,subject_level_split,train
sens_0095,subj_019,lateral_fall,fall,Mapped 'lateral_fall' to research telemetry taxonomy 'fall',50.0,2.5,4.9583,48.6245,197.7022,0.125288,0.09192,10.4457,1.54,1.0,SisFall / UCI HAR Motion Telemetry,subject_level_split,test
sens_0096,subj_020,hard_impact_collision,impact,Mapped 'hard_impact_collision' to research telemetry taxonomy 'impact',50.0,2.5,12.4292,121.8889,571.0318,1.037093,0.031285,11.0553,1.7,1.0,SisFall / UCI HAR Motion Telemetry,subject_level_split,train
sens_0097,subj_021,hard_impact_collision,impact,Mapped 'hard_impact_collision' to research telemetry taxonomy 'impact',50.0,2.5,7.5956,74.4872,330.3838,0.346237,0.040968,10.6609,1.26,1.0,SisFall / UCI HAR Motion Telemetry,subject_level_split,test
sens_0098,subj_022,lateral_fall,fall,Mapped 'lateral_fall' to research telemetry taxonomy 'fall',50.0,2.5,9.4577,92.7483,425.0023,0.56929,0.160948,10.7416,1.18,1.0,SisFall / UCI HAR Motion Telemetry,subject_level_split,train
sens_0099,subj_023,hard_impact_collision,impact,Mapped 'hard_impact_collision' to research telemetry taxonomy 'impact',50.0,2.5,9.2464,90.6759,413.189,0.541586,0.047898,10.6647,1.24,1.0,SisFall / UCI HAR Motion Telemetry,subject_level_split,test
sens_0100,subj_024,lateral_fall,fall,Mapped 'lateral_fall' to research telemetry taxonomy 'fall',50.0,2.5,9.7211,95.3317,438.7526,0.604046,0.136257,10.8509,1.64,1.0,SisFall / UCI HAR Motion Telemetry,subject_level_split,val
sens_0101,subj_025,hard_impact_collision,impact,Mapped 'hard_impact_collision' to research telemetry taxonomy 'impact',50.0,2.5,13.9524,136.8267,648.0355,1.331831,0.048616,11.1614,1.3,1.0,SisFall / UCI HAR Motion Telemetry,subject_level_split,train
sens_0102,subj_026,lateral_fall,fall,Mapped 'lateral_fall' to research telemetry taxonomy 'fall',50.0,2.5,8.3219,81.61,365.5579,0.425811,0.101457,10.7344,1.56,1.0,SisFall / UCI HAR Motion Telemetry,subject_level_split,train
sens_0103,subj_027,normal_walking,normal_activity,Mapped 'normal_walking' to research telemetry taxonomy 'normal_activity',50.0,2.5,1.9963,19.577,50.339,0.008631,0.106356,10.2194,1.52,0.0,SisFall / UCI HAR Motion Telemetry,subject_level_split,train
sens_0104,subj_028,normal_walking,normal_activity,Mapped 'normal_walking' to research telemetry taxonomy 'normal_activity',50.0,2.5,2.5413,24.9215,78.4143,0.019809,0.105297,10.2423,1.1,0.0,SisFall / UCI HAR Motion Telemetry,subject_level_split,train
sens_0105,subj_029,normal_walking,normal_activity,Mapped 'normal_walking' to research telemetry taxonomy 'normal_activity',50.0,2.5,2.4115,23.6486,71.2389,0.016844,0.03745,10.2347,1.4,0.0,SisFall / UCI HAR Motion Telemetry,subject_level_split,test
sens_0106,subj_030,lateral_fall,fall,Mapped 'lateral_fall' to research telemetry taxonomy 'fall',50.0,2.5,9.4832,92.9988,426.6905,0.571777,0.193979,10.8192,1.76,1.0,SisFall / UCI HAR Motion Telemetry,subject_level_split,train
sens_0107,subj_031,lateral_fall,fall,Mapped 'lateral_fall' to research telemetry taxonomy 'fall',50.0,2.5,6.9773,68.4237,299.3045,0.284017,0.190955,10.6205,1.86,1.0,SisFall / UCI HAR Motion Telemetry,subject_level_split,train
sens_0108,subj_032,normal_walking,normal_activity,Mapped 'normal_walking' to research telemetry taxonomy 'normal_activity',50.0,2.5,2.4552,24.0777,71.0243,0.017934,0.180296,10.2335,1.1,0.0,SisFall / UCI HAR Motion Telemetry,subject_level_split,val
sens_0109,subj_033,normal_walking,normal_activity,Mapped 'normal_walking' to research telemetry taxonomy 'normal_activity',50.0,2.5,2.5186,24.699,78.2066,0.01946,0.089905,10.2207,1.52,0.0,SisFall / UCI HAR Motion Telemetry,subject_level_split,train
sens_0110,subj_034,lateral_fall,fall,Mapped 'lateral_fall' to research telemetry taxonomy 'fall',50.0,2.5,5.1103,50.1147,206.6805,0.135007,0.134073,10.4397,1.54,1.0,SisFall / UCI HAR Motion Telemetry,subject_level_split,train
sens_0111,subj_035,lateral_fall,fall,Mapped 'lateral_fall' to research telemetry taxonomy 'fall',50.0,2.5,5.801,56.8886,240.1709,0.183885,0.070001,10.5237,1.2,1.0,SisFall / UCI HAR Motion Telemetry,subject_level_split,val
sens_0112,subj_036,lateral_fall,fall,Mapped 'lateral_fall' to research telemetry taxonomy 'fall',50.0,2.5,6.3926,62.6897,271.773,0.232153,0.047664,10.4971,1.3,1.0,SisFall / UCI HAR Motion Telemetry,subject_level_split,val
sens_0113,subj_037,lateral_fall,fall,Mapped 'lateral_fall' to research telemetry taxonomy 'fall',50.0,2.5,8.9639,87.9056,398.5755,0.503608,0.143667,10.7804,1.26,1.0,SisFall / UCI HAR Motion Telemetry,subject_level_split,train
sens_0114,subj_038,hard_impact_collision,impact,Mapped 'hard_impact_collision' to research telemetry taxonomy 'impact',50.0,2.5,9.3004,91.206,416.0912,0.547734,0.037903,10.7569,1.38,1.0,SisFall / UCI HAR Motion Telemetry,subject_level_split,train
sens_0115,subj_001,lateral_fall,fall,Mapped 'lateral_fall' to research telemetry taxonomy 'fall',50.0,2.5,9.4914,93.0786,423.1197,0.572699,0.121853,10.83,1.34,1.0,SisFall / UCI HAR Motion Telemetry,subject_level_split,train
sens_0116,subj_002,normal_walking,normal_activity,Mapped 'normal_walking' to research telemetry taxonomy 'normal_activity',50.0,2.5,2.0836,20.433,55.8862,0.010274,0.108039,10.2173,1.32,0.0,SisFall / UCI HAR Motion Telemetry,subject_level_split,train
sens_0117,subj_003,normal_walking,normal_activity,Mapped 'normal_walking' to research telemetry taxonomy 'normal_activity',50.0,2.5,2.4589,24.1133,73.5151,0.017619,0.09769,10.2553,1.42,0.0,SisFall / UCI HAR Motion Telemetry,subject_level_split,train
sens_0118,subj_004,normal_walking,normal_activity,Mapped 'normal_walking' to research telemetry taxonomy 'normal_activity',50.0,2.5,2.0155,19.7649,53.0675,0.009075,0.068478,10.2219,1.62,0.0,SisFall / UCI HAR Motion Telemetry,subject_level_split,val
sens_0119,subj_005,normal_walking,normal_activity,Mapped 'normal_walking' to research telemetry taxonomy 'normal_activity',50.0,2.5,2.7096,26.5723,85.8031,0.024077,0.160513,10.2276,1.74,0.0,SisFall / UCI HAR Motion Telemetry,subject_level_split,train
sens_0120,subj_006,hard_impact_collision,impact,Mapped 'hard_impact_collision' to research telemetry taxonomy 'impact',50.0,2.5,8.0009,78.4621,352.03,0.389825,0.094924,10.6966,1.38,1.0,SisFall / UCI HAR Motion Telemetry,subject_level_split,train
sens_0121,subj_007,normal_walking,normal_activity,Mapped 'normal_walking' to research telemetry taxonomy 'normal_activity',50.0,2.5,2.0901,20.4971,56.0846,0.010196,0.059444,10.2128,1.48,0.0,SisFall / UCI HAR Motion Telemetry,subject_level_split,train
sens_0122,subj_008,lateral_fall,fall,Mapped 'lateral_fall' to research telemetry taxonomy 'fall',50.0,2.5,7.8986,77.4592,346.3953,0.378566,0.08161,10.6839,1.34,1.0,SisFall / UCI HAR Motion Telemetry,subject_level_split,test
sens_0123,subj_009,hard_impact_collision,impact,Mapped 'hard_impact_collision' to research telemetry taxonomy 'impact',50.0,2.5,13.0214,127.6959,600.6446,1.147336,0.057183,11.0995,1.14,1.0,SisFall / UCI HAR Motion Telemetry,subject_level_split,train
sens_0124,subj_010,lateral_fall,fall,Mapped 'lateral_fall' to research telemetry taxonomy 'fall',50.0,2.5,8.9768,88.0319,399.4186,0.505172,0.0643,10.7652,1.84,1.0,SisFall / UCI HAR Motion Telemetry,subject_level_split,train
sens_0125,subj_011,normal_walking,normal_activity,Mapped 'normal_walking' to research telemetry taxonomy 'normal_activity',50.0,2.5,2.2069,21.6426,61.3904,0.012395,0.03635,10.2595,1.28,0.0,SisFall / UCI HAR Motion Telemetry,subject_level_split,test
sens_0126,subj_012,hard_impact_collision,impact,Mapped 'hard_impact_collision' to research telemetry taxonomy 'impact',50.0,2.5,10.368,101.6753,467.9515,0.697516,0.114657,10.8329,1.64,1.0,SisFall / UCI HAR Motion Telemetry,subject_level_split,train
sens_0127,subj_013,hard_impact_collision,impact,Mapped 'hard_impact_collision' to research telemetry taxonomy 'impact',50.0,2.5,9.3591,91.7817,416.3006,0.555158,0.063558,10.7937,1.56,1.0,SisFall / UCI HAR Motion Telemetry,subject_level_split,train
sens_0128,subj_014,normal_walking,normal_activity,Mapped 'normal_walking' to research telemetry taxonomy 'normal_activity',50.0,2.5,2.2911,22.4683,62.8347,0.014125,0.157846,10.2655,1.6,0.0,SisFall / UCI HAR Motion Telemetry,subject_level_split,train
sens_0129,subj_015,lateral_fall,fall,Mapped 'lateral_fall' to research telemetry taxonomy 'fall',50.0,2.5,5.2096,51.0889,211.4306,0.141394,0.090813,10.4682,1.74,1.0,SisFall / UCI HAR Motion Telemetry,subject_level_split,test
sens_0130,subj_016,lateral_fall,fall,Mapped 'lateral_fall' to research telemetry taxonomy 'fall',50.0,2.5,6.859,67.2643,292.5825,0.273314,0.045012,10.5798,1.24,1.0,SisFall / UCI HAR Motion Telemetry,subject_level_split,train
sens_0131,subj_017,hard_impact_collision,impact,Mapped 'hard_impact_collision' to research telemetry taxonomy 'impact',50.0,2.5,14.2945,140.181,665.8213,1.403102,0.054309,11.2026,1.24,1.0,SisFall / UCI HAR Motion Telemetry,subject_level_split,train
sens_0132,subj_018,lateral_fall,fall,Mapped 'lateral_fall' to research telemetry taxonomy 'fall',50.0,2.5,8.0097,78.5486,352.7889,0.39127,0.039796,10.6426,1.64,1.0,SisFall / UCI HAR Motion Telemetry,subject_level_split,train
sens_0133,subj_019,lateral_fall,fall,Mapped 'lateral_fall' to research telemetry taxonomy 'fall',50.0,2.5,4.5762,44.8775,178.4021,0.102467,0.193869,10.3811,1.52,1.0,SisFall / UCI HAR Motion Telemetry,subject_level_split,test
sens_0134,subj_020,normal_walking,normal_activity,Mapped 'normal_walking' to research telemetry taxonomy 'normal_activity',50.0,2.5,2.0581,20.1827,54.0767,0.009787,0.147868,10.2212,1.16,0.0,SisFall / UCI HAR Motion Telemetry,subject_level_split,train
sens_0135,subj_021,normal_walking,normal_activity,Mapped 'normal_walking' to research telemetry taxonomy 'normal_activity',50.0,2.5,2.5861,25.3611,79.79,0.020728,0.179896,10.2998,1.42,0.0,SisFall / UCI HAR Motion Telemetry,subject_level_split,test
sens_0136,subj_022,lateral_fall,fall,Mapped 'lateral_fall' to research telemetry taxonomy 'fall',50.0,2.5,6.3232,62.0098,265.7144,0.226071,0.064837,10.5478,1.48,1.0,SisFall / UCI HAR Motion Telemetry,subject_level_split,train
sens_0137,subj_023,normal_walking,normal_activity,Mapped 'normal_walking' to research telemetry taxonomy 'normal_activity',50.0,2.5,2.3458,23.0041,70.1615,0.015411,0.044079,10.2751,1.1,0.0,SisFall / UCI HAR Motion Telemetry,subject_level_split,test
sens_0138,subj_024,lateral_fall,fall,Mapped 'lateral_fall' to research telemetry taxonomy 'fall',50.0,2.5,9.3388,91.5819,416.7251,0.5522,0.065791,10.8137,1.7,1.0,SisFall / UCI HAR Motion Telemetry,subject_level_split,val
sens_0139,subj_025,normal_walking,normal_activity,Mapped 'normal_walking' to research telemetry taxonomy 'normal_activity',50.0,2.5,1.9615,19.236,49.5859,0.008183,0.161022,10.2589,1.22,0.0,SisFall / UCI HAR Motion Telemetry,subject_level_split,train
sens_0140,subj_026,normal_walking,normal_activity,Mapped 'normal_walking' to research telemetry taxonomy 'normal_activity',50.0,2.5,2.4613,24.1372,75.0604,0.017817,0.164617,10.2569,1.12,0.0,SisFall / UCI HAR Motion Telemetry,subject_level_split,train
sens_0141,subj_027,normal_walking,normal_activity,Mapped 'normal_walking' to research telemetry taxonomy 'normal_activity',50.0,2.5,2.0017,19.6297,53.401,0.008704,0.043224,10.2677,1.68,0.0,SisFall / UCI HAR Motion Telemetry,subject_level_split,train
sens_0142,subj_028,normal_walking,normal_activity,Mapped 'normal_walking' to research telemetry taxonomy 'normal_activity',50.0,2.5,2.6874,26.354,84.9897,0.023454,0.093263,10.2814,1.16,0.0,SisFall / UCI HAR Motion Telemetry,subject_level_split,train
sens_0143,subj_029,lateral_fall,fall,Mapped 'lateral_fall' to research telemetry taxonomy 'fall',50.0,2.5,6.2084,60.8834,261.0764,0.216689,0.064473,10.5197,1.22,1.0,SisFall / UCI HAR Motion Telemetry,subject_level_split,test
sens_0144,subj_030,lateral_fall,fall,Mapped 'lateral_fall' to research telemetry taxonomy 'fall',50.0,2.5,5.9508,58.3572,248.7957,0.195588,0.185253,10.5185,1.22,1.0,SisFall / UCI HAR Motion Telemetry,subject_level_split,train
sens_0145,subj_031,hard_impact_collision,impact,Mapped 'hard_impact_collision' to research telemetry taxonomy 'impact',50.0,2.5,11.4592,112.3764,524.5337,0.869332,0.168271,10.9484,1.5,1.0,SisFall / UCI HAR Motion Telemetry,subject_level_split,train
sens_0146,subj_032,lateral_fall,fall,Mapped 'lateral_fall' to research telemetry taxonomy 'fall',50.0,2.5,6.8562,67.236,294.605,0.273112,0.151728,10.5929,1.42,1.0,SisFall / UCI HAR Motion Telemetry,subject_level_split,val
sens_0147,subj_033,normal_walking,normal_activity,Mapped 'normal_walking' to research telemetry taxonomy 'normal_activity',50.0,2.5,2.107,20.6622,54.9552,0.01071,0.059862,10.1657,1.74,0.0,SisFall / UCI HAR Motion Telemetry,subject_level_split,train
sens_0148,subj_034,lateral_fall,fall,Mapped 'lateral_fall' to research telemetry taxonomy 'fall',50.0,2.5,7.9319,77.7851,350.1899,0.382954,0.045314,10.6313,1.44,1.0,SisFall / UCI HAR Motion Telemetry,subject_level_split,train
sens_0149,subj_035,normal_walking,normal_activity,Mapped 'normal_walking' to research telemetry taxonomy 'normal_activity',50.0,2.5,2.3217,22.7677,66.2158,0.014814,0.100002,10.2242,1.24,0.0,SisFall / UCI HAR Motion Telemetry,subject_level_split,val
sens_0150,subj_036,lateral_fall,fall,Mapped 'lateral_fall' to research telemetry taxonomy 'fall',50.0,2.5,7.2247,70.8497,311.8005,0.308351,0.104518,10.5883,1.66,1.0,SisFall / UCI HAR Motion Telemetry,subject_level_split,val
sens_0151,subj_037,normal_walking,normal_activity,Mapped 'normal_walking' to research telemetry taxonomy 'normal_activity',50.0,2.5,2.6584,26.0704,84.0808,0.022516,0.184604,10.2725,1.72,0.0,SisFall / UCI HAR Motion Telemetry,subject_level_split,train
sens_0152,subj_038,lateral_fall,fall,Mapped 'lateral_fall' to research telemetry taxonomy 'fall',50.0,2.5,7.1604,70.2195,309.3075,0.301728,0.175478,10.647,1.74,1.0,SisFall / UCI HAR Motion Telemetry,subject_level_split,train
sens_0153,subj_001,normal_walking,normal_activity,Mapped 'normal_walking' to research telemetry taxonomy 'normal_activity',50.0,2.5,2.0155,19.7654,52.2488,0.00932,0.073079,10.1588,1.3,0.0,SisFall / UCI HAR Motion Telemetry,subject_level_split,train
sens_0154,subj_002,normal_walking,normal_activity,Mapped 'normal_walking' to research telemetry taxonomy 'normal_activity',50.0,2.5,2.0268,19.8762,52.0136,0.009302,0.075039,10.1411,1.6,0.0,SisFall / UCI HAR Motion Telemetry,subject_level_split,train
sens_0155,subj_003,normal_walking,normal_activity,Mapped 'normal_walking' to research telemetry taxonomy 'normal_activity',50.0,2.5,2.1822,21.3997,59.2477,0.012343,0.186243,10.1687,1.66,0.0,SisFall / UCI HAR Motion Telemetry,subject_level_split,train
sens_0156,subj_004,lateral_fall,fall,Mapped 'lateral_fall' to research telemetry taxonomy 'fall',50.0,2.5,5.7612,56.4984,237.1054,0.180693,0.046623,10.4844,1.54,1.0,SisFall / UCI HAR Motion Telemetry,subject_level_split,val
sens_0157,subj_005,normal_walking,normal_activity,Mapped 'normal_walking' to research telemetry taxonomy 'normal_activity',50.0,2.5,2.1804,21.3827,59.1445,0.011643,0.106265,10.2766,1.72,0.0,SisFall / UCI HAR Motion Telemetry,subject_level_split,train
sens_0158,subj_006,hard_impact_collision,impact,Mapped 'hard_impact_collision' to research telemetry taxonomy 'impact',50.0,2.5,13.6038,133.4077,631.1174,1.263316,0.047129,11.0218,1.84,1.0,SisFall / UCI HAR Motion Telemetry,subject_level_split,train
sens_0159,subj_007,normal_walking,normal_activity,Mapped 'normal_walking' to research telemetry taxonomy 'normal_activity',50.0,2.5,2.739,26.8604,87.9937,0.024836,0.058905,10.2888,1.38,0.0,SisFall / UCI HAR Motion Telemetry,subject_level_split,train
sens_0160,subj_008,lateral_fall,fall,Mapped 'lateral_fall' to research telemetry taxonomy 'fall',50.0,2.5,4.8679,47.7373,193.4243,0.119611,0.146505,10.3993,1.84,1.0,SisFall / UCI HAR Motion Telemetry,subject_level_split,test
sens_0161,subj_009,normal_walking,normal_activity,Mapped 'normal_walking' to research telemetry taxonomy 'normal_activity',50.0,2.5,2.3975,23.5113,71.7761,0.016273,0.059746,10.2245,1.22,0.0,SisFall / UCI HAR Motion Telemetry,subject_level_split,train
sens_0162,subj_010,lateral_fall,fall,Mapped 'lateral_fall' to research telemetry taxonomy 'fall',50.0,2.5,4.9037,48.0885,196.9327,0.121991,0.09093,10.3861,1.16,1.0,SisFall / UCI HAR Motion Telemetry,subject_level_split,train
sens_0163,subj_011,normal_walking,normal_activity,Mapped 'normal_walking' to research telemetry taxonomy 'normal_activity',50.0,2.5,2.5122,24.6362,77.8924,0.018979,0.057744,10.2228,1.86,0.0,SisFall / UCI HAR Motion Telemetry,subject_level_split,test
sens_0164,subj_012,lateral_fall,fall,Mapped 'lateral_fall' to research telemetry taxonomy 'fall',50.0,2.5,9.0845,89.0881,402.442,0.519365,0.12463,10.7764,1.84,1.0,SisFall / UCI HAR Motion Telemetry,subject_level_split,train
sens_0165,subj_013,lateral_fall,fall,Mapped 'lateral_fall' to research telemetry taxonomy 'fall',50.0,2.5,7.4243,72.8075,321.375,0.328443,0.188352,10.6385,1.38,1.0,SisFall / UCI HAR Motion Telemetry,subject_level_split,train
sens_0166,subj_014,normal_walking,normal_activity,Mapped 'normal_walking' to research telemetry taxonomy 'normal_activity',50.0,2.5,2.248,22.045,63.1597,0.013336,0.183222,10.1825,1.52,0.0,SisFall / UCI HAR Motion Telemetry,subject_level_split,train
sens_0167,subj_015,normal_walking,normal_activity,Mapped 'normal_walking' to research telemetry taxonomy 'normal_activity',50.0,2.5,1.9584,19.2052,47.1748,0.008145,0.096778,10.2456,1.22,0.0,SisFall / UCI HAR Motion Telemetry,subject_level_split,test
sens_0168,subj_016,normal_walking,normal_activity,Mapped 'normal_walking' to research telemetry taxonomy 'normal_activity',50.0,2.5,2.2651,22.2127,64.3468,0.01354,0.129665,10.2241,1.34,0.0,SisFall / UCI HAR Motion Telemetry,subject_level_split,train
sens_0169,subj_017,hard_impact_collision,impact,Mapped 'hard_impact_collision' to research telemetry taxonomy 'impact',50.0,2.5,11.9765,117.449,549.1418,0.957371,0.058099,10.9571,1.8,1.0,SisFall / UCI HAR Motion Telemetry,subject_level_split,train
sens_0170,subj_018,lateral_fall,fall,Mapped 'lateral_fall' to research telemetry taxonomy 'fall',50.0,2.5,8.4434,82.8014,370.7422,0.440632,0.068858,10.715,1.54,1.0,SisFall / UCI HAR Motion Telemetry,subject_level_split,train
sens_0171,subj_019,lateral_fall,fall,Mapped 'lateral_fall' to research telemetry taxonomy 'fall',50.0,2.5,6.1823,60.6275,261.0524,0.213572,0.149281,10.5617,1.52,1.0,SisFall / UCI HAR Motion Telemetry,subject_level_split,test
sens_0172,subj_020,lateral_fall,fall,Mapped 'lateral_fall' to research telemetry taxonomy 'fall',50.0,2.5,8.3869,82.2479,370.4448,0.434088,0.035149,10.6736,1.3,1.0,SisFall / UCI HAR Motion Telemetry,subject_level_split,train
sens_0173,subj_021,lateral_fall,fall,Mapped 'lateral_fall' to research telemetry taxonomy 'fall',50.0,2.5,5.276,51.7401,215.302,0.145919,0.072029,10.4763,1.66,1.0,SisFall / UCI HAR Motion Telemetry,subject_level_split,test
sens_0174,subj_022,hard_impact_collision,impact,Mapped 'hard_impact_collision' to research telemetry taxonomy 'impact',50.0,2.5,14.3139,140.3717,667.4307,1.406103,0.099634,11.2163,1.76,1.0,SisFall / UCI HAR Motion Telemetry,subject_level_split,train
sens_0175,subj_023,hard_impact_collision,impact,Mapped 'hard_impact_collision' to research telemetry taxonomy 'impact',50.0,2.5,13.147,128.928,607.2088,1.171806,0.048148,11.0872,1.54,1.0,SisFall / UCI HAR Motion Telemetry,subject_level_split,test
sens_0176,subj_024,lateral_fall,fall,Mapped 'lateral_fall' to research telemetry taxonomy 'fall',50.0,2.5,7.3249,71.8332,316.0341,0.317677,0.103594,10.6964,1.2,1.0,SisFall / UCI HAR Motion Telemetry,subject_level_split,val
sens_0177,subj_025,normal_walking,normal_activity,Mapped 'normal_walking' to research telemetry taxonomy 'normal_activity',50.0,2.5,2.6017,25.514,80.3832,0.02117,0.155022,10.2901,1.56,0.0,SisFall / UCI HAR Motion Telemetry,subject_level_split,train
sens_0178,subj_026,lateral_fall,fall,Mapped 'lateral_fall' to research telemetry taxonomy 'fall',50.0,2.5,6.4382,63.1371,272.7774,0.235364,0.080834,10.6061,1.14,1.0,SisFall / UCI HAR Motion Telemetry,subject_level_split,train
sens_0179,subj_027,normal_walking,normal_activity,Mapped 'normal_walking' to research telemetry taxonomy 'normal_activity',50.0,2.5,2.2795,22.3547,65.5281,0.013642,0.152513,10.2569,1.2,0.0,SisFall / UCI HAR Motion Telemetry,subject_level_split,train
sens_0180,subj_028,hard_impact_collision,impact,Mapped 'hard_impact_collision' to research telemetry taxonomy 'impact',50.0,2.5,14.5145,142.3382,676.9701,1.449881,0.059325,11.2132,1.66,1.0,SisFall / UCI HAR Motion Telemetry,subject_level_split,train
sens_0181,subj_029,hard_impact_collision,impact,Mapped 'hard_impact_collision' to research telemetry taxonomy 'impact',50.0,2.5,13.1527,128.9838,608.5529,1.172245,0.037093,11.0902,1.62,1.0,SisFall / UCI HAR Motion Telemetry,subject_level_split,test
sens_0182,subj_030,normal_walking,normal_activity,Mapped 'normal_walking' to research telemetry taxonomy 'normal_activity',50.0,2.5,2.3667,23.2092,71.0281,0.015994,0.174382,10.213,1.28,0.0,SisFall / UCI HAR Motion Telemetry,subject_level_split,train
sens_0183,subj_031,normal_walking,normal_activity,Mapped 'normal_walking' to research telemetry taxonomy 'normal_activity',50.0,2.5,2.5582,25.0874,80.2159,0.0202,0.125803,10.2011,1.46,0.0,SisFall / UCI HAR Motion Telemetry,subject_level_split,train
sens_0184,subj_032,lateral_fall,fall,Mapped 'lateral_fall' to research telemetry taxonomy 'fall',50.0,2.5,9.7197,95.3176,438.6166,0.604466,0.081459,10.7799,1.78,1.0,SisFall / UCI HAR Motion Telemetry,subject_level_split,val
sens_0185,subj_033,normal_walking,normal_activity,Mapped 'normal_walking' to research telemetry taxonomy 'normal_activity',50.0,2.5,2.5285,24.7966,75.6095,0.019136,0.181355,10.3155,1.1,0.0,SisFall / UCI HAR Motion Telemetry,subject_level_split,train
sens_0186,subj_034,normal_walking,normal_activity,Mapped 'normal_walking' to research telemetry taxonomy 'normal_activity',50.0,2.5,1.9512,19.1346,46.7514,0.008116,0.103802,10.1813,1.12,0.0,SisFall / UCI HAR Motion Telemetry,subject_level_split,train
sens_0187,subj_035,lateral_fall,fall,Mapped 'lateral_fall' to research telemetry taxonomy 'fall',50.0,2.5,7.7885,76.3791,340.9624,0.36707,0.107461,10.6183,1.44,1.0,SisFall / UCI HAR Motion Telemetry,subject_level_split,val
sens_0188,subj_036,normal_walking,normal_activity,Mapped 'normal_walking' to research telemetry taxonomy 'normal_activity',50.0,2.5,1.9368,18.9934,47.7955,0.00788,0.04329,10.23,1.2,0.0,SisFall / UCI HAR Motion Telemetry,subject_level_split,val
sens_0189,subj_037,lateral_fall,fall,Mapped 'lateral_fall' to research telemetry taxonomy 'fall',50.0,2.5,9.4084,92.265,419.6387,0.561264,0.083496,10.8618,1.4,1.0,SisFall / UCI HAR Motion Telemetry,subject_level_split,train
sens_0190,subj_038,normal_walking,normal_activity,Mapped 'normal_walking' to research telemetry taxonomy 'normal_activity',50.0,2.5,2.1242,20.8316,58.1985,0.01069,0.15497,10.215,1.16,0.0,SisFall / UCI HAR Motion Telemetry,subject_level_split,train
sens_0191,subj_001,lateral_fall,fall,Mapped 'lateral_fall' to research telemetry taxonomy 'fall',50.0,2.5,6.484,63.5863,273.7665,0.239719,0.155483,10.575,1.42,1.0,SisFall / UCI HAR Motion Telemetry,subject_level_split,train
sens_0192,subj_002,normal_walking,normal_activity,Mapped 'normal_walking' to research telemetry taxonomy 'normal_activity',50.0,2.5,2.7905,27.3657,92.4432,0.02647,0.09344,10.2576,1.26,0.0,SisFall / UCI HAR Motion Telemetry,subject_level_split,train
sens_0193,subj_003,normal_walking,normal_activity,Mapped 'normal_walking' to research telemetry taxonomy 'normal_activity',50.0,2.5,2.6025,25.5223,80.527,0.021264,0.176573,10.1832,1.2,0.0,SisFall / UCI HAR Motion Telemetry,subject_level_split,train
sens_0194,subj_004,lateral_fall,fall,Mapped 'lateral_fall' to research telemetry taxonomy 'fall',50.0,2.5,5.994,58.7807,248.2907,0.198794,0.066472,10.523,1.86,1.0,SisFall / UCI HAR Motion Telemetry,subject_level_split,val
sens_0195,subj_005,lateral_fall,fall,Mapped 'lateral_fall' to research telemetry taxonomy 'fall',50.0,2.5,6.0586,59.4141,254.0832,0.204051,0.060506,10.4652,1.28,1.0,SisFall / UCI HAR Motion Telemetry,subject_level_split,train
sens_0196,subj_006,normal_walking,normal_activity,Mapped 'normal_walking' to research telemetry taxonomy 'normal_activity',50.0,2.5,1.9387,19.0123,49.6639,0.007802,0.178114,10.192,1.56,0.0,SisFall / UCI HAR Motion Telemetry,subject_level_split,train
sens_0197,subj_007,normal_walking,normal_activity,Mapped 'normal_walking' to research telemetry taxonomy 'normal_activity',50.0,2.5,2.1033,20.6266,55.7919,0.010524,0.082176,10.2526,1.22,0.0,SisFall / UCI HAR Motion Telemetry,subject_level_split,train
sens_0198,subj_008,lateral_fall,fall,Mapped 'lateral_fall' to research telemetry taxonomy 'fall',50.0,2.5,8.3629,82.0123,369.0372,0.430767,0.104953,10.7244,1.4,1.0,SisFall / UCI HAR Motion Telemetry,subject_level_split,test
sens_0199,subj_009,lateral_fall,fall,Mapped 'lateral_fall' to research telemetry taxonomy 'fall',50.0,2.5,5.8119,56.9949,240.7947,0.184681,0.08033,10.4539,1.7,1.0,SisFall / UCI HAR Motion Telemetry,subject_level_split,train
sens_0200,subj_010,lateral_fall,fall,Mapped 'lateral_fall' to research telemetry taxonomy 'fall',50.0,2.5,8.8845,87.1268,393.9222,0.49469,0.069877,10.7154,1.16,1.0,SisFall / UCI HAR Motion Telemetry,subject_level_split,train
